SET SQL_MODE = "NO_AUTO_VALUE_ON_ZERO";
START TRANSACTION;
SET time_zone = "+00:00";

CREATE TABLE `cache_content` (
  `field` varchar(255) NOT NULL,
  `value` blob NOT NULL,
  `tags` text NOT NULL,
  `context` varchar(255) NOT NULL,
  `maxage` int(10) NOT NULL,
  `created` int(10) NOT NULL
) ENGINE=InnoDB DEFAULT CHARSET=utf8;

--
-- Dumping data for table `cache_content`
--

INSERT INTO `cache_content` (`field`, `value`, `tags`, `context`, `maxage`, `created`) VALUES
('page.config', 0x733a313131303a223c212d2d20426567696e205061676520436f6e74656e74202d2d3e0a3c64697620636c6173733d22636f6e7461696e65722d666c756964223e0a202020203c212d2d20506167652048656164696e67202d2d3e0a202020203c64697620636c6173733d22642d736d2d666c657820616c69676e2d6974656d732d63656e746572206a7573746966792d636f6e74656e742d6265747765656e206d622d34223e0a20202020202020203c683120636c6173733d226833206d622d3020746578742d677261792d383030223e536974652073657474696e67733c2f68313e0a202020203c2f6469763e0a202020203c64697620636c6173733d22726f77223e0a20202020202020203c64697620636c6173733d22636f6c2d786c2d3320636f6c2d6d642d36206d622d34223e0a2020202020202020202020203c666f726d206d6574686f643d22706f737422206e616d653d22666f726d2d617070656172616e63652d73657474696e6773223e3c64697620636c6173733d22666f726d2d67726f7570223e0a20202020202020203c6c6162656c20666f723d22617070656172616e63652d73657474696e67732d61646d696e223e41646d696e207468656d653c2f6c6162656c3e0a20202020202020203c73656c6563742069643d22617070656172616e63652d73657474696e67732d61646d696e2220636c6173733d22666f726d2d636f6e74726f6c222076616c75653d2264656661756c74223e0a202020202020202020202020202020203c6f7074696f6e2076616c75653d2264656661756c74223e44656661756c74205468656d653c2f6f7074696f6e3e0a2020202020202020202020203c2f73656c6563743e0a3c2f6469763e3c64697620636c6173733d22666f726d2d67726f7570223e0a20202020202020203c6c6162656c20666f723d22617070656172616e63652d73657474696e67732d66726f6e74223e46726f6e74207468656d653c2f6c6162656c3e0a20202020202020203c73656c6563742069643d22617070656172616e63652d73657474696e67732d66726f6e742220636c6173733d22666f726d2d636f6e74726f6c222076616c75653d2264656661756c74223e0a202020202020202020202020202020203c6f7074696f6e2076616c75653d2264656661756c74223e44656661756c74205468656d653c2f6f7074696f6e3e0a2020202020202020202020203c2f73656c6563743e0a3c2f6469763e3c64697620636c6173733d22666f726d2d67726f7570223e0a202020203c627574746f6e2069643d22617070656172616e63652d73657474696e67732d7375626d69742220636c6173733d2262746e2062746e2d737563636573732220747970653d227375626d6974222076616c75653d22223e536176652073657474696e67733c2f627574746f6e3e0a3c2f6469763e3c2f666f726d3e0a20202020202020203c2f6469763e0a202020203c2f6469763e0a3c2f6469763e0a3c212d2d20456e64205061676520436f6e74656e74202d2d3e223b, '', 'page', 0, 1600710711),
('page.dashboard', 0x733a31343033383a223c212d2d20426567696e205061676520436f6e74656e74202d2d3e0a3c64697620636c6173733d22636f6e7461696e65722d666c756964223e0a202020203c212d2d20506167652048656164696e67202d2d3e0a202020203c64697620636c6173733d22642d736d2d666c657820616c69676e2d6974656d732d63656e746572206a7573746966792d636f6e74656e742d6265747765656e206d622d34223e0a20202020202020203c683120636c6173733d226833206d622d3020746578742d677261792d383030223e44617368626f6172643c2f68313e0a20202020202020203c6120687265663d22232220636c6173733d22642d6e6f6e6520642d736d2d696e6c696e652d626c6f636b2062746e2062746e2d736d2062746e2d7072696d61727920736861646f772d736d223e3c6920636c6173733d226661732066612d646f776e6c6f61642066612d736d20746578742d77686974652d3530223e3c2f693e2047656e6572617465205265706f72743c2f613e0a202020203c2f6469763e0a202020203c212d2d20436f6e74656e7420526f77202d2d3e0a202020203c64697620636c6173733d22726f77223e0a20202020202020203c212d2d204561726e696e677320284d6f6e74686c79292043617264204578616d706c65202d2d3e0a20202020202020203c64697620636c6173733d22636f6c2d786c2d3320636f6c2d6d642d36206d622d34223e0a2020202020202020202020203c64697620636c6173733d226361726420626f726465722d6c6566742d7072696d61727920736861646f7720682d3130302070792d32223e0a202020202020202020202020202020203c64697620636c6173733d22636172642d626f6479223e0a20202020202020202020202020202020202020203c64697620636c6173733d22726f77206e6f2d6775747465727320616c69676e2d6974656d732d63656e746572223e0a2020202020202020202020202020202020202020202020203c64697620636c6173733d22636f6c206d722d32223e0a202020202020202020202020202020202020202020202020202020203c64697620636c6173733d22746578742d787320666f6e742d7765696768742d626f6c6420746578742d7072696d61727920746578742d757070657263617365206d622d31223e4e69636b2056657273696f6e3c2f6469763e0a202020202020202020202020202020202020202020202020202020203c64697620636c6173733d226835206d622d3020666f6e742d7765696768742d626f6c6420746578742d677261792d383030223e302e392e3320626574613c2f6469763e0a2020202020202020202020202020202020202020202020203c2f6469763e0a2020202020202020202020202020202020202020202020203c64697620636c6173733d22636f6c2d6175746f223e0a202020202020202020202020202020202020202020202020202020203c6920636c6173733d226661732066612d63616c656e6461722066612d327820746578742d677261792d333030223e3c2f693e0a2020202020202020202020202020202020202020202020203c2f6469763e0a20202020202020202020202020202020202020203c2f6469763e0a202020202020202020202020202020203c2f6469763e0a2020202020202020202020203c2f6469763e0a20202020202020203c2f6469763e0a20202020202020203c212d2d204561726e696e677320284d6f6e74686c79292043617264204578616d706c65202d2d3e0a20202020202020203c64697620636c6173733d22636f6c2d786c2d3320636f6c2d6d642d36206d622d34223e0a2020202020202020202020203c64697620636c6173733d226361726420626f726465722d6c6566742d7375636365737320736861646f7720682d3130302070792d32223e0a202020202020202020202020202020203c64697620636c6173733d22636172642d626f6479223e0a20202020202020202020202020202020202020203c64697620636c6173733d22726f77206e6f2d6775747465727320616c69676e2d6974656d732d63656e746572223e0a2020202020202020202020202020202020202020202020203c64697620636c6173733d22636f6c206d722d32223e0a202020202020202020202020202020202020202020202020202020203c64697620636c6173733d22746578742d787320666f6e742d7765696768742d626f6c6420746578742d7375636365737320746578742d757070657263617365206d622d31223e496e7374616c6c656420657874656e73696f6e733c2f6469763e0a202020202020202020202020202020202020202020202020202020203c64697620636c6173733d226835206d622d3020666f6e742d7765696768742d626f6c6420746578742d677261792d383030223e31333c2f6469763e0a2020202020202020202020202020202020202020202020203c2f6469763e0a2020202020202020202020202020202020202020202020203c64697620636c6173733d22636f6c2d6175746f223e0a202020202020202020202020202020202020202020202020202020203c6920636c6173733d226661732066612d646f6c6c61722d7369676e2066612d327820746578742d677261792d333030223e3c2f693e0a2020202020202020202020202020202020202020202020203c2f6469763e0a20202020202020202020202020202020202020203c2f6469763e0a202020202020202020202020202020203c2f6469763e0a2020202020202020202020203c2f6469763e0a20202020202020203c2f6469763e0a20202020202020203c212d2d2050656e64696e672052657175657374732043617264204578616d706c65202d2d3e0a20202020202020203c64697620636c6173733d22636f6c2d786c2d3320636f6c2d6d642d36206d622d34223e0a2020202020202020202020203c64697620636c6173733d226361726420626f726465722d6c6566742d7761726e696e6720736861646f7720682d3130302070792d32223e0a202020202020202020202020202020203c64697620636c6173733d22636172642d626f6479223e0a20202020202020202020202020202020202020203c64697620636c6173733d22726f77206e6f2d6775747465727320616c69676e2d6974656d732d63656e746572223e0a2020202020202020202020202020202020202020202020203c64697620636c6173733d22636f6c206d722d32223e0a202020202020202020202020202020202020202020202020202020203c64697620636c6173733d22746578742d787320666f6e742d7765696768742d626f6c6420746578742d7761726e696e6720746578742d757070657263617365206d622d31223e557064617465733c2f6469763e0a202020202020202020202020202020202020202020202020202020203c64697620636c6173733d226835206d622d3020666f6e742d7765696768742d626f6c6420746578742d677261792d383030223e31383c2f6469763e0a2020202020202020202020202020202020202020202020203c2f6469763e0a2020202020202020202020202020202020202020202020203c64697620636c6173733d22636f6c2d6175746f223e0a202020202020202020202020202020202020202020202020202020203c6920636c6173733d226661732066612d636f6d6d656e74732066612d327820746578742d677261792d333030223e3c2f693e0a2020202020202020202020202020202020202020202020203c2f6469763e0a20202020202020202020202020202020202020203c2f6469763e0a202020202020202020202020202020203c2f6469763e0a2020202020202020202020203c2f6469763e0a20202020202020203c2f6469763e0a20202020202020203c212d2d204561726e696e677320284d6f6e74686c79292043617264204578616d706c65202d2d3e0a20202020202020203c64697620636c6173733d22636f6c2d786c2d3320636f6c2d6d642d36206d622d34223e0a2020202020202020202020203c64697620636c6173733d226361726420626f726465722d6c6566742d696e666f20736861646f7720682d3130302070792d32223e0a202020202020202020202020202020203c64697620636c6173733d22636172642d626f6479223e0a20202020202020202020202020202020202020203c64697620636c6173733d22726f77206e6f2d6775747465727320616c69676e2d6974656d732d63656e746572223e0a2020202020202020202020202020202020202020202020203c64697620636c6173733d22636f6c206d722d32223e0a202020202020202020202020202020202020202020202020202020203c64697620636c6173733d22746578742d787320666f6e742d7765696768742d626f6c6420746578742d696e666f20746578742d757070657263617365206d622d31223e53697465206865616c74683c2f6469763e0a202020202020202020202020202020202020202020202020202020203c64697620636c6173733d22726f77206e6f2d6775747465727320616c69676e2d6974656d732d63656e746572223e0a20202020202020202020202020202020202020202020202020202020202020203c64697620636c6173733d22636f6c2d6175746f223e0a2020202020202020202020202020202020202020202020202020202020202020202020203c64697620636c6173733d226835206d622d30206d722d3320666f6e742d7765696768742d626f6c6420746578742d677261792d383030223e3530253c2f6469763e0a20202020202020202020202020202020202020202020202020202020202020203c2f6469763e0a20202020202020202020202020202020202020202020202020202020202020203c64697620636c6173733d22636f6c223e0a2020202020202020202020202020202020202020202020202020202020202020202020203c64697620636c6173733d2270726f67726573732070726f67726573732d736d206d722d32223e0a202020202020202020202020202020202020202020202020202020202020202020202020202020203c64697620636c6173733d2270726f67726573732d6261722062672d696e666f2220726f6c653d2270726f677265737362617222207374796c653d2277696474683a203530252220617269612d76616c75656e6f773d2235302220617269612d76616c75656d696e3d22302220617269612d76616c75656d61783d22313030223e3c2f6469763e0a2020202020202020202020202020202020202020202020202020202020202020202020203c2f6469763e0a20202020202020202020202020202020202020202020202020202020202020203c2f6469763e0a202020202020202020202020202020202020202020202020202020203c2f6469763e0a2020202020202020202020202020202020202020202020203c2f6469763e0a2020202020202020202020202020202020202020202020203c64697620636c6173733d22636f6c2d6175746f223e0a202020202020202020202020202020202020202020202020202020203c6920636c6173733d226661732066612d636c6970626f6172642d6c6973742066612d327820746578742d677261792d333030223e3c2f693e0a2020202020202020202020202020202020202020202020203c2f6469763e0a20202020202020202020202020202020202020203c2f6469763e0a202020202020202020202020202020203c2f6469763e0a2020202020202020202020203c2f6469763e0a20202020202020203c2f6469763e0a202020203c2f6469763e0a202020203c212d2d20436f6e74656e7420526f77202d2d3e0a202020203c64697620636c6173733d22726f77223e0a20202020202020203c212d2d2041726561204368617274202d2d3e0a20202020202020203c64697620636c6173733d22636f6c2d786c2d3820636f6c2d6c672d37223e0a2020202020202020202020203c64697620636c6173733d226361726420736861646f77206d622d34223e0a202020202020202020202020202020203c212d2d204361726420486561646572202d2044726f70646f776e202d2d3e0a202020202020202020202020202020203c64697620636c6173733d22636172642d6865616465722070792d3320642d666c657820666c65782d726f7720616c69676e2d6974656d732d63656e746572206a7573746966792d636f6e74656e742d6265747765656e223e0a20202020202020202020202020202020202020203c683620636c6173733d226d2d3020666f6e742d7765696768742d626f6c6420746578742d7072696d617279223e4561726e696e6773204f766572766965773c2f68363e0a20202020202020202020202020202020202020203c64697620636c6173733d2264726f70646f776e206e6f2d6172726f77223e0a2020202020202020202020202020202020202020202020203c6120636c6173733d2264726f70646f776e2d746f67676c652220687265663d22232220726f6c653d22627574746f6e222069643d2264726f70646f776e4d656e754c696e6b2220646174612d746f67676c653d2264726f70646f776e2220617269612d686173706f7075703d22747275652220617269612d657870616e6465643d2266616c7365223e0a202020202020202020202020202020202020202020202020202020203c6920636c6173733d226661732066612d656c6c69707369732d762066612d736d2066612d667720746578742d677261792d343030223e3c2f693e0a2020202020202020202020202020202020202020202020203c2f613e0a2020202020202020202020202020202020202020202020203c64697620636c6173733d2264726f70646f776e2d6d656e752064726f70646f776e2d6d656e752d726967687420736861646f7720616e696d617465642d2d666164652d696e2220617269612d6c6162656c6c656462793d2264726f70646f776e4d656e754c696e6b223e0a202020202020202020202020202020202020202020202020202020203c64697620636c6173733d2264726f70646f776e2d686561646572223e44726f70646f776e204865616465723a3c2f6469763e0a202020202020202020202020202020202020202020202020202020203c6120636c6173733d2264726f70646f776e2d6974656d2220687265663d2223223e416374696f6e3c2f613e0a202020202020202020202020202020202020202020202020202020203c6120636c6173733d2264726f70646f776e2d6974656d2220687265663d2223223e416e6f7468657220616374696f6e3c2f613e0a202020202020202020202020202020202020202020202020202020203c64697620636c6173733d2264726f70646f776e2d64697669646572223e3c2f6469763e0a202020202020202020202020202020202020202020202020202020203c6120636c6173733d2264726f70646f776e2d6974656d2220687265663d2223223e536f6d657468696e6720656c736520686572653c2f613e0a2020202020202020202020202020202020202020202020203c2f6469763e0a20202020202020202020202020202020202020203c2f6469763e0a202020202020202020202020202020203c2f6469763e0a202020202020202020202020202020203c212d2d204361726420426f6479202d2d3e0a202020202020202020202020202020203c64697620636c6173733d22636172642d626f6479223e0a20202020202020202020202020202020202020203c64697620636c6173733d2263686172742d61726561223e0a2020202020202020202020202020202020202020202020203c63616e7661732069643d226d79417265614368617274223e3c2f63616e7661733e0a20202020202020202020202020202020202020203c2f6469763e0a202020202020202020202020202020203c2f6469763e0a2020202020202020202020203c2f6469763e0a20202020202020203c2f6469763e0a20202020202020203c212d2d20506965204368617274202d2d3e0a20202020202020203c64697620636c6173733d22636f6c2d786c2d3420636f6c2d6c672d35223e0a2020202020202020202020203c64697620636c6173733d226361726420736861646f77206d622d34223e0a202020202020202020202020202020203c212d2d204361726420486561646572202d2044726f70646f776e202d2d3e0a202020202020202020202020202020203c64697620636c6173733d22636172642d6865616465722070792d3320642d666c657820666c65782d726f7720616c69676e2d6974656d732d63656e746572206a7573746966792d636f6e74656e742d6265747765656e223e0a20202020202020202020202020202020202020203c683620636c6173733d226d2d3020666f6e742d7765696768742d626f6c6420746578742d7072696d617279223e526576656e756520536f75726365733c2f68363e0a20202020202020202020202020202020202020203c64697620636c6173733d2264726f70646f776e206e6f2d6172726f77223e0a2020202020202020202020202020202020202020202020203c6120636c6173733d2264726f70646f776e2d746f67676c652220687265663d22232220726f6c653d22627574746f6e222069643d2264726f70646f776e4d656e754c696e6b2220646174612d746f67676c653d2264726f70646f776e2220617269612d686173706f7075703d22747275652220617269612d657870616e6465643d2266616c7365223e0a202020202020202020202020202020202020202020202020202020203c6920636c6173733d226661732066612d656c6c69707369732d762066612d736d2066612d667720746578742d677261792d343030223e3c2f693e0a2020202020202020202020202020202020202020202020203c2f613e0a2020202020202020202020202020202020202020202020203c64697620636c6173733d2264726f70646f776e2d6d656e752064726f70646f776e2d6d656e752d726967687420736861646f7720616e696d617465642d2d666164652d696e2220617269612d6c6162656c6c656462793d2264726f70646f776e4d656e754c696e6b223e0a202020202020202020202020202020202020202020202020202020203c64697620636c6173733d2264726f70646f776e2d686561646572223e44726f70646f776e204865616465723a3c2f6469763e0a202020202020202020202020202020202020202020202020202020203c6120636c6173733d2264726f70646f776e2d6974656d2220687265663d2223223e416374696f6e3c2f613e0a202020202020202020202020202020202020202020202020202020203c6120636c6173733d2264726f70646f776e2d6974656d2220687265663d2223223e416e6f7468657220616374696f6e3c2f613e0a202020202020202020202020202020202020202020202020202020203c64697620636c6173733d2264726f70646f776e2d64697669646572223e3c2f6469763e0a202020202020202020202020202020202020202020202020202020203c6120636c6173733d2264726f70646f776e2d6974656d2220687265663d2223223e536f6d657468696e6720656c736520686572653c2f613e0a2020202020202020202020202020202020202020202020203c2f6469763e0a20202020202020202020202020202020202020203c2f6469763e0a202020202020202020202020202020203c2f6469763e0a202020202020202020202020202020203c212d2d204361726420426f6479202d2d3e0a202020202020202020202020202020203c64697620636c6173733d22636172642d626f6479223e0a20202020202020202020202020202020202020203c64697620636c6173733d2263686172742d7069652070742d342070622d32223e0a2020202020202020202020202020202020202020202020203c63616e7661732069643d226d795069654368617274223e3c2f63616e7661733e0a20202020202020202020202020202020202020203c2f6469763e0a20202020202020202020202020202020202020203c64697620636c6173733d226d742d3420746578742d63656e74657220736d616c6c223e0a20202020202020202020202020202020202020203c7370616e20636c6173733d226d722d32223e0a202020202020202020202020202020202020202020203c6920636c6173733d226661732066612d636972636c6520746578742d7072696d617279223e3c2f693e204469726563740a20202020202020202020202020202020202020203c2f7370616e3e0a2020202020202020202020202020202020202020202020203c7370616e20636c6173733d226d722d32223e0a202020202020202020202020202020202020202020203c6920636c6173733d226661732066612d636972636c6520746578742d73756363657373223e3c2f693e20536f6369616c0a20202020202020202020202020202020202020203c2f7370616e3e0a2020202020202020202020202020202020202020202020203c7370616e20636c6173733d226d722d32223e0a202020202020202020202020202020202020202020203c6920636c6173733d226661732066612d636972636c6520746578742d696e666f223e3c2f693e20526566657272616c0a20202020202020202020202020202020202020203c2f7370616e3e0a20202020202020202020202020202020202020203c2f6469763e0a202020202020202020202020202020203c2f6469763e0a2020202020202020202020203c2f6469763e0a20202020202020203c2f6469763e0a202020203c2f6469763e0a202020203c212d2d20436f6e74656e7420526f77202d2d3e0a202020203c64697620636c6173733d22726f77223e0a20202020202020203c212d2d20436f6e74656e7420436f6c756d6e202d2d3e0a20202020202020203c64697620636c6173733d22636f6c2d6c672d36206d622d34223e0a2020202020202020202020203c212d2d2050726f6a6563742043617264204578616d706c65202d2d3e0a2020202020202020202020203c64697620636c6173733d226361726420736861646f77206d622d34223e0a202020202020202020202020202020203c64697620636c6173733d22636172642d6865616465722070792d33223e0a20202020202020202020202020202020202020203c683620636c6173733d226d2d3020666f6e742d7765696768742d626f6c6420746578742d7072696d617279223e50726f6a656374733c2f68363e0a202020202020202020202020202020203c2f6469763e0a202020202020202020202020202020203c64697620636c6173733d22636172642d626f6479223e0a20202020202020202020202020202020202020203c683420636c6173733d22736d616c6c20666f6e742d7765696768742d626f6c64223e536572766572204d6967726174696f6e203c7370616e20636c6173733d22666c6f61742d7269676874223e3230253c2f7370616e3e3c2f68343e0a20202020202020202020202020202020202020203c64697620636c6173733d2270726f6772657373206d622d34223e0a2020202020202020202020202020202020202020202020203c64697620636c6173733d2270726f67726573732d6261722062672d64616e6765722220726f6c653d2270726f677265737362617222207374796c653d2277696474683a203230252220617269612d76616c75656e6f773d2232302220617269612d76616c75656d696e3d22302220617269612d76616c75656d61783d22313030223e3c2f6469763e0a20202020202020202020202020202020202020203c2f6469763e0a20202020202020202020202020202020202020203c683420636c6173733d22736d616c6c20666f6e742d7765696768742d626f6c64223e53616c657320547261636b696e67203c7370616e20636c6173733d22666c6f61742d7269676874223e3430253c2f7370616e3e3c2f68343e0a20202020202020202020202020202020202020203c64697620636c6173733d2270726f6772657373206d622d34223e0a2020202020202020202020202020202020202020202020203c64697620636c6173733d2270726f67726573732d6261722062672d7761726e696e672220726f6c653d2270726f677265737362617222207374796c653d2277696474683a203430252220617269612d76616c75656e6f773d2234302220617269612d76616c75656d696e3d22302220617269612d76616c75656d61783d22313030223e3c2f6469763e0a20202020202020202020202020202020202020203c2f6469763e0a20202020202020202020202020202020202020203c683420636c6173733d22736d616c6c20666f6e742d7765696768742d626f6c64223e437573746f6d6572204461746162617365203c7370616e20636c6173733d22666c6f61742d7269676874223e3630253c2f7370616e3e3c2f68343e0a20202020202020202020202020202020202020203c64697620636c6173733d2270726f6772657373206d622d34223e0a2020202020202020202020202020202020202020202020203c64697620636c6173733d2270726f67726573732d6261722220726f6c653d2270726f677265737362617222207374796c653d2277696474683a203630252220617269612d76616c75656e6f773d2236302220617269612d76616c75656d696e3d22302220617269612d76616c75656d61783d22313030223e3c2f6469763e0a20202020202020202020202020202020202020203c2f6469763e0a20202020202020202020202020202020202020203c683420636c6173733d22736d616c6c20666f6e742d7765696768742d626f6c64223e5061796f75742044657461696c73203c7370616e20636c6173733d22666c6f61742d7269676874223e3830253c2f7370616e3e3c2f68343e0a20202020202020202020202020202020202020203c64697620636c6173733d2270726f6772657373206d622d34223e0a2020202020202020202020202020202020202020202020203c64697620636c6173733d2270726f67726573732d6261722062672d696e666f2220726f6c653d2270726f677265737362617222207374796c653d2277696474683a203830252220617269612d76616c75656e6f773d2238302220617269612d76616c75656d696e3d22302220617269612d76616c75656d61783d22313030223e3c2f6469763e0a20202020202020202020202020202020202020203c2f6469763e0a20202020202020202020202020202020202020203c683420636c6173733d22736d616c6c20666f6e742d7765696768742d626f6c64223e4163636f756e74205365747570203c7370616e20636c6173733d22666c6f61742d7269676874223e436f6d706c657465213c2f7370616e3e3c2f68343e0a20202020202020202020202020202020202020203c64697620636c6173733d2270726f6772657373223e0a2020202020202020202020202020202020202020202020203c64697620636c6173733d2270726f67726573732d6261722062672d737563636573732220726f6c653d2270726f677265737362617222207374796c653d2277696474683a20313030252220617269612d76616c75656e6f773d223130302220617269612d76616c75656d696e3d22302220617269612d76616c75656d61783d22313030223e3c2f6469763e0a20202020202020202020202020202020202020203c2f6469763e0a202020202020202020202020202020203c2f6469763e0a2020202020202020202020203c2f6469763e0a2020202020202020202020203c212d2d20436f6c6f722053797374656d202d2d3e0a2020202020202020202020203c64697620636c6173733d22726f77223e0a202020202020202020202020202020203c64697620636c6173733d22636f6c2d6c672d36206d622d34223e0a20202020202020202020202020202020202020203c64697620636c6173733d22636172642062672d7072696d61727920746578742d776869746520736861646f77223e0a2020202020202020202020202020202020202020202020203c64697620636c6173733d22636172642d626f6479223e0a202020202020202020202020202020202020202020202020202020205072696d6172790a202020202020202020202020202020202020202020202020202020203c64697620636c6173733d22746578742d77686974652d353020736d616c6c223e233465373364663c2f6469763e0a2020202020202020202020202020202020202020202020203c2f6469763e0a20202020202020202020202020202020202020203c2f6469763e0a202020202020202020202020202020203c2f6469763e0a202020202020202020202020202020203c64697620636c6173733d22636f6c2d6c672d36206d622d34223e0a20202020202020202020202020202020202020203c64697620636c6173733d22636172642062672d7375636365737320746578742d776869746520736861646f77223e0a2020202020202020202020202020202020202020202020203c64697620636c6173733d22636172642d626f6479223e0a20202020202020202020202020202020202020202020202020202020537563636573730a202020202020202020202020202020202020202020202020202020203c64697620636c6173733d22746578742d77686974652d353020736d616c6c223e233163633838613c2f6469763e0a2020202020202020202020202020202020202020202020203c2f6469763e0a20202020202020202020202020202020202020203c2f6469763e0a202020202020202020202020202020203c2f6469763e0a202020202020202020202020202020203c64697620636c6173733d22636f6c2d6c672d36206d622d34223e0a20202020202020202020202020202020202020203c64697620636c6173733d22636172642062672d696e666f20746578742d776869746520736861646f77223e0a2020202020202020202020202020202020202020202020203c64697620636c6173733d22636172642d626f6479223e0a20202020202020202020202020202020202020202020202020202020496e666f0a202020202020202020202020202020202020202020202020202020203c64697620636c6173733d22746578742d77686974652d353020736d616c6c223e233336623963633c2f6469763e0a2020202020202020202020202020202020202020202020203c2f6469763e0a20202020202020202020202020202020202020203c2f6469763e0a202020202020202020202020202020203c2f6469763e0a202020202020202020202020202020203c64697620636c6173733d22636f6c2d6c672d36206d622d34223e0a20202020202020202020202020202020202020203c64697620636c6173733d22636172642062672d7761726e696e6720746578742d776869746520736861646f77223e0a2020202020202020202020202020202020202020202020203c64697620636c6173733d22636172642d626f6479223e0a202020202020202020202020202020202020202020202020202020205761726e696e670a202020202020202020202020202020202020202020202020202020203c64697620636c6173733d22746578742d77686974652d353020736d616c6c223e236636633233653c2f6469763e0a2020202020202020202020202020202020202020202020203c2f6469763e0a20202020202020202020202020202020202020203c2f6469763e0a202020202020202020202020202020203c2f6469763e0a202020202020202020202020202020203c64697620636c6173733d22636f6c2d6c672d36206d622d34223e0a20202020202020202020202020202020202020203c64697620636c6173733d22636172642062672d64616e67657220746578742d776869746520736861646f77223e0a2020202020202020202020202020202020202020202020203c64697620636c6173733d22636172642d626f6479223e0a2020202020202020202020202020202020202020202020202020202044616e6765720a202020202020202020202020202020202020202020202020202020203c64697620636c6173733d22746578742d77686974652d353020736d616c6c223e236537346133623c2f6469763e0a2020202020202020202020202020202020202020202020203c2f6469763e0a20202020202020202020202020202020202020203c2f6469763e0a202020202020202020202020202020203c2f6469763e0a202020202020202020202020202020203c64697620636c6173733d22636f6c2d6c672d36206d622d34223e0a20202020202020202020202020202020202020203c64697620636c6173733d22636172642062672d7365636f6e6461727920746578742d776869746520736861646f77223e0a2020202020202020202020202020202020202020202020203c64697620636c6173733d22636172642d626f6479223e0a202020202020202020202020202020202020202020202020202020205365636f6e646172790a202020202020202020202020202020202020202020202020202020203c64697620636c6173733d22746578742d77686974652d353020736d616c6c223e233835383739363c2f6469763e0a2020202020202020202020202020202020202020202020203c2f6469763e0a20202020202020202020202020202020202020203c2f6469763e0a202020202020202020202020202020203c2f6469763e0a2020202020202020202020203c2f6469763e0a20202020202020203c2f6469763e0a20202020202020203c64697620636c6173733d22636f6c2d6c672d36206d622d34223e0a2020202020202020202020203c212d2d20496c6c757374726174696f6e73202d2d3e0a2020202020202020202020203c64697620636c6173733d226361726420736861646f77206d622d34223e0a202020202020202020202020202020203c64697620636c6173733d22636172642d6865616465722070792d33223e0a20202020202020202020202020202020202020203c683620636c6173733d226d2d3020666f6e742d7765696768742d626f6c6420746578742d7072696d617279223e496c6c757374726174696f6e733c2f68363e0a202020202020202020202020202020203c2f6469763e0a202020202020202020202020202020203c64697620636c6173733d22636172642d626f6479223e0a20202020202020202020202020202020202020203c64697620636c6173733d22746578742d63656e746572223e0a2020202020202020202020202020202020202020202020203c696d6720636c6173733d22696d672d666c7569642070782d332070782d736d2d34206d742d33206d622d3422207374796c653d2277696474683a20323572656d3b22207372633d227468656d65732f64656661756c742f696d672f756e647261775f706f7374696e675f70686f746f2e7376672220616c743d22223e0a20202020202020202020202020202020202020203c2f6469763e0a20202020202020202020202020202020202020203c703e41646420736f6d65207175616c6974792c2073766720696c6c757374726174696f6e7320746f20796f75722070726f6a65637420636f757274657379206f66203c61207461726765743d225f626c616e6b222072656c3d226e6f666f6c6c6f772220687265663d2268747470733a2f2f756e647261772e636f2f223e756e447261773c2f613e2c206120636f6e7374616e746c79207570646174656420636f6c6c656374696f6e206f662062656175746966756c2073766720696d61676573207468617420796f752063616e2075736520636f6d706c6574656c79206672656520616e6420776974686f7574206174747269627574696f6e213c2f703e0a20202020202020202020202020202020202020203c61207461726765743d225f626c616e6b222072656c3d226e6f666f6c6c6f772220687265663d2268747470733a2f2f756e647261772e636f2f223e42726f77736520496c6c757374726174696f6e73206f6e20756e447261772026726172723b3c2f613e0a202020202020202020202020202020203c2f6469763e0a2020202020202020202020203c2f6469763e0a2020202020202020202020203c212d2d20417070726f616368202d2d3e0a2020202020202020202020203c64697620636c6173733d226361726420736861646f77206d622d34223e0a202020202020202020202020202020203c64697620636c6173733d22636172642d6865616465722070792d33223e0a20202020202020202020202020202020202020203c683620636c6173733d226d2d3020666f6e742d7765696768742d626f6c6420746578742d7072696d617279223e446576656c6f706d656e7420417070726f6163683c2f68363e0a202020202020202020202020202020203c2f6469763e0a202020202020202020202020202020203c64697620636c6173733d22636172642d626f6479223e0a20202020202020202020202020202020202020203c703e53422041646d696e2032206d616b657320657874656e7369766520757365206f6620426f6f7473747261702034207574696c69747920636c617373657320696e206f7264657220746f207265647563652043535320626c6f617420616e6420706f6f72207061676520706572666f726d616e63652e20437573746f6d2043535320636c617373657320617265207573656420746f2063726561746520637573746f6d20636f6d706f6e656e747320616e6420637573746f6d207574696c69747920636c61737365732e3c2f703e0a20202020202020202020202020202020202020203c7020636c6173733d226d622d30223e4265666f726520776f726b696e6720776974682074686973207468656d652c20796f752073686f756c64206265636f6d652066616d696c69617220776974682074686520426f6f747374726170206672616d65776f726b2c20657370656369616c6c7920746865207574696c69747920636c61737365732e3c2f703e0a202020202020202020202020202020203c2f6469763e0a2020202020202020202020203c2f6469763e0a20202020202020203c2f6469763e0a202020203c2f6469763e0a3c2f6469763e0a3c212d2d202f2e636f6e7461696e65722d666c756964202d2d3e0a223b, '', 'page', 1800, 1600709234);
INSERT INTO `cache_content` (`field`, `value`, `tags`, `context`, `maxage`, `created`) VALUES
('page.extensions', 0x733a31343835333a223c212d2d20426567696e205061676520436f6e74656e74202d2d3e0a3c64697620636c6173733d22636f6e7461696e65722d666c756964223e0a202020203c212d2d20506167652048656164696e67202d2d3e0a202020203c64697620636c6173733d22642d736d2d666c657820616c69676e2d6974656d732d63656e746572206a7573746966792d636f6e74656e742d6265747765656e206d622d34223e0a20202020202020203c683120636c6173733d226833206d622d3020746578742d677261792d383030223e457874656e73696f6e733c2f68313e0a20202020202020203c6120687265663d22232220636c6173733d22642d6e6f6e6520642d736d2d696e6c696e652d626c6f636b2062746e2062746e2d736d2062746e2d7072696d61727920736861646f772d736d223e3c6920636c6173733d226661732066612d646f776e6c6f61642066612d736d20746578742d77686974652d3530223e3c2f693e2047656e6572617465205265706f72743c2f613e0a202020203c2f6469763e0a202020203c212d2d20436f6e74656e7420526f77202d2d3e0a202020203c64697620636c6173733d22726f77223e0a20202020202020203c64697620636c6173733d22636f6c2d33223e0a2020202020202020202020203c64697620636c6173733d226c6973742d67726f7570222069643d226c6973742d7461622220726f6c653d227461626c697374223e0a20202020202020202020202020202020202020202020202020202020202020203c6120636c6173733d226c6973742d67726f75702d6974656d206c6973742d67726f75702d6974656d2d616374696f6e222069643d226c6973742d41727469636c652d6c6973742220646174612d746f67676c653d226c6973742220687265663d22236c6973742d41727469636c652220726f6c653d227461622220617269612d636f6e74726f6c733d2241727469636c65223e0a202020202020202020202020202020202020202041727469636c650a20202020202020202020202020202020202020203c7370616e20636c6173733d2262616467652062616467652d737563636573732062616467652d70696c6c223e312e30613c2f7370616e3e0a202020202020202020202020202020203c2f613e0a20202020202020202020202020202020202020202020202020202020202020203c6120636c6173733d226c6973742d67726f75702d6974656d206c6973742d67726f75702d6974656d2d616374696f6e222069643d226c6973742d44756d6d79436f6e74656e742d6c6973742220646174612d746f67676c653d226c6973742220687265663d22236c6973742d44756d6d79436f6e74656e742220726f6c653d227461622220617269612d636f6e74726f6c733d2244756d6d79436f6e74656e74223e0a202020202020202020202020202020202020202044756d6d7920436f6e74656e740a20202020202020202020202020202020202020203c7370616e20636c6173733d2262616467652062616467652d737563636573732062616467652d70696c6c223e312e30613c2f7370616e3e0a202020202020202020202020202020203c2f613e0a20202020202020202020202020202020202020202020202020202020202020203c6120636c6173733d226c6973742d67726f75702d6974656d206c6973742d67726f75702d6974656d2d616374696f6e222069643d226c6973742d457874656e73696f6e4d616e616765722d6c6973742220646174612d746f67676c653d226c6973742220687265663d22236c6973742d457874656e73696f6e4d616e616765722220726f6c653d227461622220617269612d636f6e74726f6c733d22457874656e73696f6e4d616e61676572223e0a2020202020202020202020202020202020202020457874656e73696f6e204d616e616765720a20202020202020202020202020202020202020203c7370616e20636c6173733d2262616467652062616467652d737563636573732062616467652d70696c6c223e312e30613c2f7370616e3e0a202020202020202020202020202020203c2f613e0a20202020202020202020202020202020202020202020202020202020202020203c6120636c6173733d226c6973742d67726f75702d6974656d206c6973742d67726f75702d6974656d2d616374696f6e222069643d226c6973742d46696c652d6c6973742220646174612d746f67676c653d226c6973742220687265663d22236c6973742d46696c652220726f6c653d227461622220617269612d636f6e74726f6c733d2246696c65223e0a202020202020202020202020202020202020202046696c650a20202020202020202020202020202020202020203c7370616e20636c6173733d2262616467652062616467652d737563636573732062616467652d70696c6c223e312e30613c2f7370616e3e0a202020202020202020202020202020203c2f613e0a20202020202020202020202020202020202020202020202020202020202020203c6120636c6173733d226c6973742d67726f75702d6974656d206c6973742d67726f75702d6974656d2d616374696f6e222069643d226c6973742d466f726d2d6c6973742220646174612d746f67676c653d226c6973742220687265663d22236c6973742d466f726d2220726f6c653d227461622220617269612d636f6e74726f6c733d22466f726d223e0a2020202020202020202020202020202020202020466f726d0a20202020202020202020202020202020202020203c7370616e20636c6173733d2262616467652062616467652d737563636573732062616467652d70696c6c223e312e30613c2f7370616e3e0a202020202020202020202020202020203c2f613e0a20202020202020202020202020202020202020202020202020202020202020203c6120636c6173733d226c6973742d67726f75702d6974656d206c6973742d67726f75702d6974656d2d616374696f6e222069643d226c6973742d4c616e67756167652d6c6973742220646174612d746f67676c653d226c6973742220687265663d22236c6973742d4c616e67756167652220726f6c653d227461622220617269612d636f6e74726f6c733d224c616e6775616765223e0a20202020202020202020202020202020202020204c616e67756167650a20202020202020202020202020202020202020203c7370616e20636c6173733d2262616467652062616467652d737563636573732062616467652d70696c6c223e312e30613c2f7370616e3e0a202020202020202020202020202020203c2f613e0a20202020202020202020202020202020202020202020202020202020202020203c6120636c6173733d226c6973742d67726f75702d6974656d206c6973742d67726f75702d6974656d2d616374696f6e222069643d226c6973742d4d616e69666573742d6c6973742220646174612d746f67676c653d226c6973742220687265663d22236c6973742d4d616e69666573742220726f6c653d227461622220617269612d636f6e74726f6c733d224d616e6966657374223e0a20202020202020202020202020202020202020204d616e69666573740a20202020202020202020202020202020202020203c7370616e20636c6173733d2262616467652062616467652d737563636573732062616467652d70696c6c223e312e30613c2f7370616e3e0a202020202020202020202020202020203c2f613e0a20202020202020202020202020202020202020202020202020202020202020203c6120636c6173733d226c6973742d67726f75702d6974656d206c6973742d67726f75702d6974656d2d616374696f6e222069643d226c6973742d4d61747465722d6c6973742220646174612d746f67676c653d226c6973742220687265663d22236c6973742d4d61747465722220726f6c653d227461622220617269612d636f6e74726f6c733d224d6174746572223e0a20202020202020202020202020202020202020204d61747465720a20202020202020202020202020202020202020203c7370616e20636c6173733d2262616467652062616467652d737563636573732062616467652d70696c6c223e312e30613c2f7370616e3e0a202020202020202020202020202020203c2f613e0a20202020202020202020202020202020202020202020202020202020202020203c6120636c6173733d226c6973742d67726f75702d6974656d206c6973742d67726f75702d6974656d2d616374696f6e222069643d226c6973742d4d656e752d6c6973742220646174612d746f67676c653d226c6973742220687265663d22236c6973742d4d656e752220726f6c653d227461622220617269612d636f6e74726f6c733d224d656e75223e0a20202020202020202020202020202020202020204d656e750a20202020202020202020202020202020202020203c7370616e20636c6173733d2262616467652062616467652d737563636573732062616467652d70696c6c223e312e30613c2f7370616e3e0a202020202020202020202020202020203c2f613e0a20202020202020202020202020202020202020202020202020202020202020203c6120636c6173733d226c6973742d67726f75702d6974656d206c6973742d67726f75702d6974656d2d616374696f6e222069643d226c6973742d506167652d6c6973742220646174612d746f67676c653d226c6973742220687265663d22236c6973742d506167652220726f6c653d227461622220617269612d636f6e74726f6c733d2250616765223e0a2020202020202020202020202020202020202020506167650a20202020202020202020202020202020202020203c7370616e20636c6173733d2262616467652062616467652d737563636573732062616467652d70696c6c223e312e30613c2f7370616e3e0a202020202020202020202020202020203c2f613e0a20202020202020202020202020202020202020202020202020202020202020203c6120636c6173733d226c6973742d67726f75702d6974656d206c6973742d67726f75702d6974656d2d616374696f6e222069643d226c6973742d50616765732d6c6973742220646174612d746f67676c653d226c6973742220687265663d22236c6973742d50616765732220726f6c653d227461622220617269612d636f6e74726f6c733d225061676573223e0a202020202020202020202020202020202020202050616765730a20202020202020202020202020202020202020203c7370616e20636c6173733d2262616467652062616467652d737563636573732062616467652d70696c6c223e312e30613c2f7370616e3e0a202020202020202020202020202020203c2f613e0a20202020202020202020202020202020202020202020202020202020202020203c6120636c6173733d226c6973742d67726f75702d6974656d206c6973742d67726f75702d6974656d2d616374696f6e222069643d226c6973742d506572736f6e2d6c6973742220646174612d746f67676c653d226c6973742220687265663d22236c6973742d506572736f6e2220726f6c653d227461622220617269612d636f6e74726f6c733d22506572736f6e223e0a2020202020202020202020202020202020202020506572736f6e0a20202020202020202020202020202020202020203c7370616e20636c6173733d2262616467652062616467652d737563636573732062616467652d70696c6c223e312e30613c2f7370616e3e0a202020202020202020202020202020203c2f613e0a20202020202020202020202020202020202020202020202020202020202020203c6120636c6173733d226c6973742d67726f75702d6974656d206c6973742d67726f75702d6974656d2d616374696f6e222069643d226c6973742d546573744576656e74732d6c6973742220646174612d746f67676c653d226c6973742220687265663d22236c6973742d546573744576656e74732220726f6c653d227461622220617269612d636f6e74726f6c733d22546573744576656e7473223e0a202020202020202020202020202020202020202054657374204576656e74730a20202020202020202020202020202020202020203c7370616e20636c6173733d2262616467652062616467652d737563636573732062616467652d70696c6c223e312e30613c2f7370616e3e0a202020202020202020202020202020203c2f613e0a20202020202020202020202020202020202020202020202020202020202020203c6120636c6173733d226c6973742d67726f75702d6974656d206c6973742d67726f75702d6974656d2d616374696f6e222069643d226c6973742d5472616e736c6174696f6e2d6c6973742220646174612d746f67676c653d226c6973742220687265663d22236c6973742d5472616e736c6174696f6e2220726f6c653d227461622220617269612d636f6e74726f6c733d225472616e736c6174696f6e223e0a20202020202020202020202020202020202020205472616e736c6174696f6e0a20202020202020202020202020202020202020203c7370616e20636c6173733d2262616467652062616467652d737563636573732062616467652d70696c6c223e312e30613c2f7370616e3e0a202020202020202020202020202020203c2f613e0a20202020202020202020202020202020202020202020202020202020202020203c6120636c6173733d226c6973742d67726f75702d6974656d206c6973742d67726f75702d6974656d2d616374696f6e222069643d226c6973742d54776967457874656e73696f6e732d6c6973742220646174612d746f67676c653d226c6973742220687265663d22236c6973742d54776967457874656e73696f6e732220726f6c653d227461622220617269612d636f6e74726f6c733d2254776967457874656e73696f6e73223e0a20202020202020202020202020202020202020200a20202020202020202020202020202020202020203c7370616e20636c6173733d2262616467652062616467652d737563636573732062616467652d70696c6c223e3c2f7370616e3e0a202020202020202020202020202020203c2f613e0a202020202020202020202020202020202020202020202020202020203c2f6469763e0a20202020202020203c2f6469763e0a20202020202020203c64697620636c6173733d22636f6c2d39223e0a2020202020202020202020203c64697620636c6173733d227461622d636f6e74656e74222069643d226e61762d746162436f6e74656e74223e0a2020202020202020202020202020202020202020202020202020202020202020202020202020202020202020202020202020202020202020202020203c64697620636c6173733d227461622d70616e652066616465222069643d226c6973742d41727469636c652220726f6c653d2274616270616e656c2220617269612d6c6162656c6c656462793d226c6973742d41727469636c652d6c697374223e0a202020202020202020202020202020202020202020202020202020203c703e547970653a206d61747465723c2f703e0a202020202020202020202020202020202020202020202020202020203c703e4d616368696e65206e616d653a2041727469636c653c2f703e0a202020202020202020202020202020202020202020202020202020203c703e56657273696f6e3a20312e306120203c2f703e0a202020202020202020202020202020202020202020202020202020203c703e496e7374616c6c65643a204e6f3c2f703e0a202020202020202020202020202020202020202020202020202020202020202020202020202020202020202020202020202020202020202020202020202020202020202020202020202020202020202020202020202020203c703e3c6120636c6173733d2262746e2062746e2d7072696d6172792220687265663d223f703d657874656e73696f6e7326743d696e7374616c6c2669643d41727469636c652220726f6c653d22627574746f6e223e496e7374616c6c3c2f613e3c2f703e0a202020202020202020202020202020202020202020202020202020202020202020202020202020202020202020202020202020203c2f6469763e0a20202020202020202020202020202020202020202020202020202020202020202020202020202020202020202020202020202020202020202020202020202020202020202020202020202020202020203c64697620636c6173733d227461622d70616e652066616465222069643d226c6973742d44756d6d79436f6e74656e742220726f6c653d2274616270616e656c2220617269612d6c6162656c6c656462793d226c6973742d44756d6d79436f6e74656e742d6c697374223e0a202020202020202020202020202020202020202020202020202020203c703e547970653a20657874656e73696f6e3c2f703e0a202020202020202020202020202020202020202020202020202020203c703e4d616368696e65206e616d653a2044756d6d79436f6e74656e743c2f703e0a202020202020202020202020202020202020202020202020202020203c703e56657273696f6e3a20312e306120203c2f703e0a202020202020202020202020202020202020202020202020202020203c703e496e7374616c6c65643a204e6f3c2f703e0a2020202020202020202020202020202020202020202020202020202020202020202020202020202020202020202020202020202020202020202020203c703e5468697320657874656e73696f6e20696e74656e647320746f2073686f776361736520736f6d652066756e6374696f6e616c69747920726567617264696e67206372656174696e672064756d6d7920636f6e74656e742e3c2f703e0a202020202020202020202020202020202020202020202020202020202020202020202020202020202020202020202020202020202020202020202020202020202020202020202020202020202020202020202020202020203c703e3c6120636c6173733d2262746e2062746e2d7072696d6172792220687265663d223f703d657874656e73696f6e7326743d696e7374616c6c2669643d44756d6d79436f6e74656e742220726f6c653d22627574746f6e223e496e7374616c6c3c2f613e3c2f703e0a202020202020202020202020202020202020202020202020202020202020202020202020202020202020202020202020202020203c2f6469763e0a20202020202020202020202020202020202020202020202020202020202020202020202020202020202020202020202020202020202020202020202020202020202020202020202020202020202020203c64697620636c6173733d227461622d70616e652066616465222069643d226c6973742d457874656e73696f6e4d616e616765722220726f6c653d2274616270616e656c2220617269612d6c6162656c6c656462793d226c6973742d457874656e73696f6e4d616e616765722d6c697374223e0a202020202020202020202020202020202020202020202020202020203c703e547970653a20657874656e73696f6e3c2f703e0a202020202020202020202020202020202020202020202020202020203c703e4d616368696e65206e616d653a20457874656e73696f6e4d616e616765723c2f703e0a202020202020202020202020202020202020202020202020202020203c703e56657273696f6e3a20312e306120203c2f703e0a202020202020202020202020202020202020202020202020202020203c703e496e7374616c6c65643a205965733c2f703e0a202020202020202020202020202020202020202020202020202020202020202020202020202020202020202020202020202020202020202020202020202020202020202020202020202020202020202020202020202020203c703e5468697320657874656e73696f6e20697320726571756972656420616e642063616e6e6f7420626520756e696e7374616c6c65642e3c2f703e0a202020202020202020202020202020202020202020202020202020202020202020202020202020202020202020202020202020203c2f6469763e0a20202020202020202020202020202020202020202020202020202020202020202020202020202020202020202020202020202020202020202020202020202020202020202020202020202020202020203c64697620636c6173733d227461622d70616e652066616465222069643d226c6973742d46696c652220726f6c653d2274616270616e656c2220617269612d6c6162656c6c656462793d226c6973742d46696c652d6c697374223e0a202020202020202020202020202020202020202020202020202020203c703e547970653a206d61747465723c2f703e0a202020202020202020202020202020202020202020202020202020203c703e4d616368696e65206e616d653a2046696c653c2f703e0a202020202020202020202020202020202020202020202020202020203c703e56657273696f6e3a20312e306120203c2f703e0a202020202020202020202020202020202020202020202020202020203c703e496e7374616c6c65643a205965733c2f703e0a202020202020202020202020202020202020202020202020202020202020202020202020202020202020202020202020202020202020202020202020202020202020202020202020202020202020202020202020202020203c703e5468697320657874656e73696f6e20697320726571756972656420616e642063616e6e6f7420626520756e696e7374616c6c65642e3c2f703e0a202020202020202020202020202020202020202020202020202020202020202020202020202020202020202020202020202020203c2f6469763e0a20202020202020202020202020202020202020202020202020202020202020202020202020202020202020202020202020202020202020202020202020202020202020202020202020202020202020203c64697620636c6173733d227461622d70616e652066616465222069643d226c6973742d466f726d2220726f6c653d2274616270616e656c2220617269612d6c6162656c6c656462793d226c6973742d466f726d2d6c697374223e0a202020202020202020202020202020202020202020202020202020203c703e547970653a20657874656e73696f6e3c2f703e0a202020202020202020202020202020202020202020202020202020203c703e4d616368696e65206e616d653a20466f726d3c2f703e0a202020202020202020202020202020202020202020202020202020203c703e56657273696f6e3a20312e306120203c2f703e0a202020202020202020202020202020202020202020202020202020203c703e496e7374616c6c65643a205965733c2f703e0a202020202020202020202020202020202020202020202020202020202020202020202020202020202020202020202020202020202020202020202020202020202020202020202020202020202020202020202020202020203c703e5468697320657874656e73696f6e20697320726571756972656420616e642063616e6e6f7420626520756e696e7374616c6c65642e3c2f703e0a202020202020202020202020202020202020202020202020202020202020202020202020202020202020202020202020202020203c2f6469763e0a20202020202020202020202020202020202020202020202020202020202020202020202020202020202020202020202020202020202020202020202020202020202020202020202020202020202020203c64697620636c6173733d227461622d70616e652066616465222069643d226c6973742d4c616e67756167652220726f6c653d2274616270616e656c2220617269612d6c6162656c6c656462793d226c6973742d4c616e67756167652d6c697374223e0a202020202020202020202020202020202020202020202020202020203c703e547970653a20657874656e73696f6e3c2f703e0a202020202020202020202020202020202020202020202020202020203c703e4d616368696e65206e616d653a204c616e67756167653c2f703e0a202020202020202020202020202020202020202020202020202020203c703e56657273696f6e3a20312e306120203c2f703e0a202020202020202020202020202020202020202020202020202020203c703e496e7374616c6c65643a205965733c2f703e0a202020202020202020202020202020202020202020202020202020202020202020202020202020202020202020202020202020202020202020202020202020202020202020202020202020202020202020202020202020203c703e5468697320657874656e73696f6e20697320726571756972656420616e642063616e6e6f7420626520756e696e7374616c6c65642e3c2f703e0a202020202020202020202020202020202020202020202020202020202020202020202020202020202020202020202020202020203c2f6469763e0a20202020202020202020202020202020202020202020202020202020202020202020202020202020202020202020202020202020202020202020202020202020202020202020202020202020202020203c64697620636c6173733d227461622d70616e652066616465222069643d226c6973742d4d616e69666573742220726f6c653d2274616270616e656c2220617269612d6c6162656c6c656462793d226c6973742d4d616e69666573742d6c697374223e0a202020202020202020202020202020202020202020202020202020203c703e547970653a20657874656e73696f6e3c2f703e0a202020202020202020202020202020202020202020202020202020203c703e4d616368696e65206e616d653a204d616e69666573743c2f703e0a202020202020202020202020202020202020202020202020202020203c703e56657273696f6e3a20312e306120203c2f703e0a202020202020202020202020202020202020202020202020202020203c703e496e7374616c6c65643a205965733c2f703e0a202020202020202020202020202020202020202020202020202020202020202020202020202020202020202020202020202020202020202020202020202020202020202020202020202020202020202020202020202020203c703e5468697320657874656e73696f6e20697320726571756972656420616e642063616e6e6f7420626520756e696e7374616c6c65642e3c2f703e0a202020202020202020202020202020202020202020202020202020202020202020202020202020202020202020202020202020203c2f6469763e0a20202020202020202020202020202020202020202020202020202020202020202020202020202020202020202020202020202020202020202020202020202020202020202020202020202020202020203c64697620636c6173733d227461622d70616e652066616465222069643d226c6973742d4d61747465722220726f6c653d2274616270616e656c2220617269612d6c6162656c6c656462793d226c6973742d4d61747465722d6c697374223e0a202020202020202020202020202020202020202020202020202020203c703e547970653a20657874656e73696f6e3c2f703e0a202020202020202020202020202020202020202020202020202020203c703e4d616368696e65206e616d653a204d61747465723c2f703e0a202020202020202020202020202020202020202020202020202020203c703e56657273696f6e3a20312e306120203c2f703e0a202020202020202020202020202020202020202020202020202020203c703e496e7374616c6c65643a205965733c2f703e0a202020202020202020202020202020202020202020202020202020202020202020202020202020202020202020202020202020202020202020202020202020202020202020202020202020202020202020202020202020203c703e5468697320657874656e73696f6e20697320726571756972656420616e642063616e6e6f7420626520756e696e7374616c6c65642e3c2f703e0a202020202020202020202020202020202020202020202020202020202020202020202020202020202020202020202020202020203c2f6469763e0a20202020202020202020202020202020202020202020202020202020202020202020202020202020202020202020202020202020202020202020202020202020202020202020202020202020202020203c64697620636c6173733d227461622d70616e652066616465222069643d226c6973742d4d656e752220726f6c653d2274616270616e656c2220617269612d6c6162656c6c656462793d226c6973742d4d656e752d6c697374223e0a202020202020202020202020202020202020202020202020202020203c703e547970653a206d61747465723c2f703e0a202020202020202020202020202020202020202020202020202020203c703e4d616368696e65206e616d653a204d656e753c2f703e0a202020202020202020202020202020202020202020202020202020203c703e56657273696f6e3a20312e306120203c2f703e0a202020202020202020202020202020202020202020202020202020203c703e496e7374616c6c65643a205965733c2f703e0a202020202020202020202020202020202020202020202020202020202020202020202020202020202020202020202020202020202020202020202020202020202020202020202020202020202020202020202020202020203c703e5468697320657874656e73696f6e20697320726571756972656420616e642063616e6e6f7420626520756e696e7374616c6c65642e3c2f703e0a202020202020202020202020202020202020202020202020202020202020202020202020202020202020202020202020202020203c2f6469763e0a20202020202020202020202020202020202020202020202020202020202020202020202020202020202020202020202020202020202020202020202020202020202020202020202020202020202020203c64697620636c6173733d227461622d70616e652066616465222069643d226c6973742d506167652220726f6c653d2274616270616e656c2220617269612d6c6162656c6c656462793d226c6973742d506167652d6c697374223e0a202020202020202020202020202020202020202020202020202020203c703e547970653a20657874656e73696f6e3c2f703e0a202020202020202020202020202020202020202020202020202020203c703e4d616368696e65206e616d653a20506167653c2f703e0a202020202020202020202020202020202020202020202020202020203c703e56657273696f6e3a20312e306120203c2f703e0a202020202020202020202020202020202020202020202020202020203c703e496e7374616c6c65643a205965733c2f703e0a202020202020202020202020202020202020202020202020202020202020202020202020202020202020202020202020202020202020202020202020202020202020202020202020202020202020202020202020202020203c703e5468697320657874656e73696f6e20697320726571756972656420616e642063616e6e6f7420626520756e696e7374616c6c65642e3c2f703e0a202020202020202020202020202020202020202020202020202020202020202020202020202020202020202020202020202020203c2f6469763e0a20202020202020202020202020202020202020202020202020202020202020202020202020202020202020202020202020202020202020202020202020202020202020202020202020202020202020203c64697620636c6173733d227461622d70616e652066616465222069643d226c6973742d50616765732220726f6c653d2274616270616e656c2220617269612d6c6162656c6c656462793d226c6973742d50616765732d6c697374223e0a202020202020202020202020202020202020202020202020202020203c703e547970653a206d61747465723c2f703e0a202020202020202020202020202020202020202020202020202020203c703e4d616368696e65206e616d653a2050616765733c2f703e0a202020202020202020202020202020202020202020202020202020203c703e56657273696f6e3a20312e306120203c2f703e0a202020202020202020202020202020202020202020202020202020203c703e496e7374616c6c65643a204e6f3c2f703e0a202020202020202020202020202020202020202020202020202020202020202020202020202020202020202020202020202020202020202020202020202020202020202020202020202020202020202020202020202020203c703e3c6120636c6173733d2262746e2062746e2d7072696d6172792220687265663d223f703d657874656e73696f6e7326743d696e7374616c6c2669643d50616765732220726f6c653d22627574746f6e223e496e7374616c6c3c2f613e3c2f703e0a202020202020202020202020202020202020202020202020202020202020202020202020202020202020202020202020202020203c2f6469763e0a20202020202020202020202020202020202020202020202020202020202020202020202020202020202020202020202020202020202020202020202020202020202020202020202020202020202020203c64697620636c6173733d227461622d70616e652066616465222069643d226c6973742d506572736f6e2220726f6c653d2274616270616e656c2220617269612d6c6162656c6c656462793d226c6973742d506572736f6e2d6c697374223e0a202020202020202020202020202020202020202020202020202020203c703e547970653a206d61747465723c2f703e0a202020202020202020202020202020202020202020202020202020203c703e4d616368696e65206e616d653a20506572736f6e3c2f703e0a202020202020202020202020202020202020202020202020202020203c703e56657273696f6e3a20312e306120203c2f703e0a202020202020202020202020202020202020202020202020202020203c703e496e7374616c6c65643a205965733c2f703e0a202020202020202020202020202020202020202020202020202020202020202020202020202020202020202020202020202020202020202020202020202020202020202020202020202020202020202020202020202020203c703e5468697320657874656e73696f6e20697320726571756972656420616e642063616e6e6f7420626520756e696e7374616c6c65642e3c2f703e0a202020202020202020202020202020202020202020202020202020202020202020202020202020202020202020202020202020203c2f6469763e0a20202020202020202020202020202020202020202020202020202020202020202020202020202020202020202020202020202020202020202020202020202020202020202020202020202020202020203c64697620636c6173733d227461622d70616e652066616465222069643d226c6973742d546573744576656e74732220726f6c653d2274616270616e656c2220617269612d6c6162656c6c656462793d226c6973742d546573744576656e74732d6c697374223e0a202020202020202020202020202020202020202020202020202020203c703e547970653a20657874656e73696f6e3c2f703e0a202020202020202020202020202020202020202020202020202020203c703e4d616368696e65206e616d653a20546573744576656e74733c2f703e0a202020202020202020202020202020202020202020202020202020203c703e56657273696f6e3a20312e306120203c2f703e0a202020202020202020202020202020202020202020202020202020203c703e496e7374616c6c65643a204e6f3c2f703e0a2020202020202020202020202020202020202020202020202020202020202020202020202020202020202020202020202020202020202020202020203c703e54686973206164646f6e2073686f77636173657320736f6d65206576656e747320616e6420776861742063616e20626520646f6e652077697468207468656d2e3c2f703e0a202020202020202020202020202020202020202020202020202020202020202020202020202020202020202020202020202020202020202020202020202020202020202020202020202020202020202020202020202020203c703e3c6120636c6173733d2262746e2062746e2d7072696d6172792220687265663d223f703d657874656e73696f6e7326743d696e7374616c6c2669643d546573744576656e74732220726f6c653d22627574746f6e223e496e7374616c6c3c2f613e3c2f703e0a202020202020202020202020202020202020202020202020202020202020202020202020202020202020202020202020202020203c2f6469763e0a20202020202020202020202020202020202020202020202020202020202020202020202020202020202020202020202020202020202020202020202020202020202020202020202020202020202020203c64697620636c6173733d227461622d70616e652066616465222069643d226c6973742d5472616e736c6174696f6e2220726f6c653d2274616270616e656c2220617269612d6c6162656c6c656462793d226c6973742d5472616e736c6174696f6e2d6c697374223e0a202020202020202020202020202020202020202020202020202020203c703e547970653a20657874656e73696f6e3c2f703e0a202020202020202020202020202020202020202020202020202020203c703e4d616368696e65206e616d653a205472616e736c6174696f6e3c2f703e0a202020202020202020202020202020202020202020202020202020203c703e56657273696f6e3a20312e306120203c2f703e0a202020202020202020202020202020202020202020202020202020203c703e496e7374616c6c65643a205965733c2f703e0a202020202020202020202020202020202020202020202020202020202020202020202020202020202020202020202020202020202020202020202020202020202020202020202020202020202020202020202020202020203c703e5468697320657874656e73696f6e20697320726571756972656420616e642063616e6e6f7420626520756e696e7374616c6c65642e3c2f703e0a202020202020202020202020202020202020202020202020202020202020202020202020202020202020202020202020202020203c2f6469763e0a20202020202020202020202020202020202020202020202020202020202020202020202020202020202020202020202020202020202020202020202020202020202020202020202020202020202020203c64697620636c6173733d227461622d70616e652066616465222069643d226c6973742d54776967457874656e73696f6e732220726f6c653d2274616270616e656c2220617269612d6c6162656c6c656462793d226c6973742d54776967457874656e73696f6e732d6c697374223e0a202020202020202020202020202020202020202020202020202020203c703e547970653a20657874656e73696f6e3c2f703e0a202020202020202020202020202020202020202020202020202020203c703e4d616368696e65206e616d653a2054776967457874656e73696f6e733c2f703e0a202020202020202020202020202020202020202020202020202020203c703e56657273696f6e3a2020203c2f703e0a202020202020202020202020202020202020202020202020202020203c703e496e7374616c6c65643a204e6f3c2f703e0a202020202020202020202020202020202020202020202020202020202020202020202020202020202020202020202020202020202020202020202020202020202020202020202020202020202020202020202020202020203c703e3c6120636c6173733d2262746e2062746e2d7072696d6172792220687265663d223f703d657874656e73696f6e7326743d696e7374616c6c2669643d54776967457874656e73696f6e732220726f6c653d22627574746f6e223e496e7374616c6c3c2f613e3c2f703e0a202020202020202020202020202020202020202020202020202020202020202020202020202020202020202020202020202020203c2f6469763e0a2020202020202020202020202020202020202020202020202020202020202020202020202020202020202020202020203c2f6469763e0a20202020202020203c2f6469763e0a202020203c2f6469763e0a3c2f6469763e0a3c212d2d202f2e636f6e7461696e65722d666c756964202d2d3e0a223b, '', 'page', 0, 1600710710),
('page.footer', 0x733a323438393a2220202020202020203c2f6469763e0a20202020202020203c212d2d20456e64206f66204d61696e20436f6e74656e74202d2d3e0a20202020202020203c212d2d20466f6f746572202d2d3e0a20202020202020203c666f6f74657220636c6173733d22737469636b792d666f6f7465722062672d7768697465223e0a2020202020202020202020203c64697620636c6173733d22636f6e7461696e6572206d792d6175746f223e0a202020202020202020202020202020203c64697620636c6173733d22636f7079726967687420746578742d63656e746572206d792d6175746f223e0a20202020202020202020202020202020202020203c7370616e3e436f707972696768742026636f70793b204e69636b2074686520486561646c65737320434d5320323032303c2f7370616e3e0a202020202020202020202020202020203c2f6469763e0a2020202020202020202020203c2f6469763e0a20202020202020203c2f666f6f7465723e0a20202020202020203c212d2d20456e64206f6620466f6f746572202d2d3e0a20202020202020203c2f6469763e0a20202020202020203c212d2d20456e64206f6620436f6e74656e742057726170706572202d2d3e0a20202020202020203c2f6469763e0a20202020202020203c212d2d20456e64206f6620506167652057726170706572202d2d3e0a20202020202020203c212d2d205363726f6c6c20746f20546f7020427574746f6e2d2d3e0a20202020202020203c6120636c6173733d227363726f6c6c2d746f2d746f7020726f756e6465642220687265663d2223706167652d746f70223e0a2020202020202020202020203c6920636c6173733d226661732066612d616e676c652d7570223e3c2f693e0a20202020202020203c2f613e0a20202020202020203c212d2d204c6f676f7574204d6f64616c2d2d3e0a20202020202020203c64697620636c6173733d226d6f64616c2066616465222069643d226c6f676f75744d6f64616c2220746162696e6465783d222d312220726f6c653d226469616c6f672220617269612d6c6162656c6c656462793d226578616d706c654d6f64616c4c6162656c2220617269612d68696464656e3d2274727565223e0a2020202020202020202020203c64697620636c6173733d226d6f64616c2d6469616c6f672220726f6c653d22646f63756d656e74223e0a202020202020202020202020202020203c64697620636c6173733d226d6f64616c2d636f6e74656e74223e0a20202020202020202020202020202020202020203c64697620636c6173733d226d6f64616c2d686561646572223e0a2020202020202020202020202020202020202020202020203c683520636c6173733d226d6f64616c2d7469746c65222069643d226578616d706c654d6f64616c4c6162656c223e526561647920746f204c656176653f3c2f68353e0a2020202020202020202020202020202020202020202020203c627574746f6e20636c6173733d22636c6f73652220747970653d22627574746f6e2220646174612d6469736d6973733d226d6f64616c2220617269612d6c6162656c3d22436c6f7365223e0a202020202020202020202020202020202020202020202020202020203c7370616e20617269612d68696464656e3d2274727565223ec3973c2f7370616e3e0a2020202020202020202020202020202020202020202020203c2f627574746f6e3e0a20202020202020202020202020202020202020203c2f6469763e0a20202020202020202020202020202020202020203c64697620636c6173733d226d6f64616c2d626f6479223e53656c65637420224c6f676f7574222062656c6f7720696620796f752061726520726561647920746f20656e6420796f75722063757272656e742073657373696f6e2e3c2f6469763e0a20202020202020202020202020202020202020203c64697620636c6173733d226d6f64616c2d666f6f746572223e0a2020202020202020202020202020202020202020202020203c627574746f6e20636c6173733d2262746e2062746e2d7365636f6e646172792220747970653d22627574746f6e2220646174612d6469736d6973733d226d6f64616c223e43616e63656c3c2f627574746f6e3e0a2020202020202020202020202020202020202020202020203c6120636c6173733d2262746e2062746e2d7072696d6172792220687265663d226c6f67696e2e68746d6c223e4c6f676f75743c2f613e0a20202020202020202020202020202020202020203c2f6469763e0a202020202020202020202020202020203c2f6469763e0a2020202020202020202020203c2f6469763e0a20202020202020203c2f6469763e0a20202020202020203c212d2d20426f6f74737472617020636f7265204a6176615363726970742d2d3e0a20202020202020203c736372697074207372633d227468656d65732f64656661756c742f76656e646f722f6a71756572792f6a71756572792e6d696e2e6a73223e3c2f7363726970743e0a20202020202020203c736372697074207372633d227468656d65732f64656661756c742f76656e646f722f626f6f7473747261702f6a732f626f6f7473747261702e62756e646c652e6d696e2e6a73223e3c2f7363726970743e0a20202020202020203c212d2d20436f726520706c7567696e204a6176615363726970742d2d3e0a20202020202020203c736372697074207372633d227468656d65732f64656661756c742f76656e646f722f6a71756572792d656173696e672f6a71756572792e656173696e672e6d696e2e6a73223e3c2f7363726970743e0a20202020202020203c212d2d20437573746f6d207363726970747320666f7220616c6c2070616765732d2d3e0a20202020202020203c736372697074207372633d227468656d65732f64656661756c742f6a732f73622d61646d696e2d322e6d696e2e6a73223e3c2f7363726970743e0a20202020202020203c212d2d2050616765206c6576656c20706c7567696e73202d2d3e0a20202020202020203c736372697074207372633d227468656d65732f64656661756c742f76656e646f722f63686172742e6a732f43686172742e6d696e2e6a73223e3c2f7363726970743e0a20202020202020203c212d2d2050616765206c6576656c20637573746f6d2073637269707473202d2d3e0a20202020202020203c736372697074207372633d227468656d65732f64656661756c742f6a732f64656d6f2f63686172742d617265612d64656d6f2e6a73223e3c2f7363726970743e0a20202020202020203c736372697074207372633d227468656d65732f64656661756c742f6a732f64656d6f2f63686172742d7069652d64656d6f2e6a73223e3c2f7363726970743e0a202020203c2f626f64793e0a3c2f68746d6c3e223b, '', 'page', 3600, 1600710600);
INSERT INTO `cache_content` (`field`, `value`, `tags`, `context`, `maxage`, `created`) VALUES
('page.header', 0x733a31353832333a223c21444f43545950452068746d6c3e0a3c68746d6c206c616e673d22656e223e0a3c686561643e0a202020203c6d65746120636861727365743d227574662d38223e0a202020203c6d65746120687474702d65717569763d22582d55412d436f6d70617469626c652220636f6e74656e743d2249453d65646765223e0a202020203c6d657461206e616d653d2276696577706f72742220636f6e74656e743d2277696474683d6465766963652d77696474682c20696e697469616c2d7363616c653d312c20736872696e6b2d746f2d6669743d6e6f223e0a202020203c6d657461206e616d653d226465736372697074696f6e2220636f6e74656e743d22436f6e66696775726174696f6e206f7074696f6e73223e0a202020203c6d657461206e616d653d22617574686f722220636f6e74656e743d22223e0a202020203c7469746c653e436f6e666967202d20526f6d20546f6f6c733c2f7469746c653e0a202020203c6c696e6b20687265663d227468656d65732f64656661756c742f76656e646f722f666f6e74617765736f6d652d667265652f6373732f616c6c2e6d696e2e637373222072656c3d227374796c6573686565742220747970653d22746578742f637373223e0a202020203c6c696e6b20687265663d2268747470733a2f2f666f6e74732e676f6f676c65617069732e636f6d2f6373733f66616d696c793d4e756e69746f3a3230302c323030692c3330302c333030692c3430302c343030692c3630302c363030692c3730302c373030692c3830302c383030692c3930302c39303069222072656c3d227374796c657368656574223e0a202020203c6c696e6b20687265663d227468656d65732f64656661756c742f6373732f73622d61646d696e2d322e6d696e2e637373222072656c3d227374796c657368656574223e0a3c2f686561643e0a3c626f64792069643d22706167652d746f70223e0a202020203c6469762069643d2277726170706572223e0a20202020202020203c756c20636c6173733d226e61766261722d6e61762062672d6772616469656e742d7072696d617279207369646562617220736964656261722d6461726b206163636f7264696f6e222069643d226163636f7264696f6e53696465626172223e0a2020202020202020202020203c6120636c6173733d22736964656261722d6272616e6420642d666c657820616c69676e2d6974656d732d63656e746572206a7573746966792d636f6e74656e742d63656e7465722220687265663d222e2f223e0a202020202020202020202020202020203c64697620636c6173733d22736964656261722d6272616e642d69636f6e20726f746174652d6e2d3135223e0a20202020202020202020202020202020202020203c6920636c6173733d226661732066612d6c617567682d77696e6b223e3c2f693e0a202020202020202020202020202020203c2f6469763e0a202020202020202020202020202020203c64697620636c6173733d22736964656261722d6272616e642d74657874206d782d33223e526f6d20546f6f6c733c6272202f3e0a20202020202020202020202020202020202020203c7375703e4e69636b203c7375703e302e392e3320626574613c2f7375703e3c2f7375703e3c2f6469763e0a2020202020202020202020203c2f613e0a2020202020202020202020203c687220636c6173733d22736964656261722d64697669646572206d792d30223e0a2020202020202020202020202020202020202020202020202020202020202020202020202020202020202020202020203c6c6920636c6173733d226e61762d6974656d223e0a2020202020202020202020202020202020202020202020203c6120636c6173733d226e61762d6c696e6b2220687265663d222e2f3f703d64617368626f617264223e0a202020202020202020202020202020202020202020202020202020203c6920636c6173733d226661732066612d66772066612d746163686f6d657465722d616c74223e3c2f693e0a202020202020202020202020202020202020202020202020202020203c7370616e3e44617368626f6172643c2f7370616e3e0a2020202020202020202020202020202020202020202020203c2f613e0a20202020202020202020202020202020202020203c2f6c693e0a202020202020202020202020202020202020202020202020202020202020202020202020202020202020202020202020202020202020202020202020202020203c687220636c6173733d22736964656261722d64697669646572206d792d30223e0a202020202020202020202020202020202020202020202020202020202020202020202020202020202020202020202020202020202020202020202020202020203c6c6920636c6173733d226e61762d6974656d20616374697665223e0a2020202020202020202020202020202020202020202020203c6120636c6173733d226e61762d6c696e6b20636f6c6c61707365642220687265663d222e2f3f703d636f6e6669672220646174612d746f67676c653d22636f6c6c617073652220646174612d7461726765743d2223636f6c6c6170736554776f2220617269612d657870616e6465643d22747275652220617269612d636f6e74726f6c733d22636f6c6c6170736554776f223e0a202020202020202020202020202020202020202020202020202020203c6920636c6173733d226661732066612d66772066612d636f67223e3c2f693e0a202020202020202020202020202020202020202020202020202020203c7370616e3e436f6e66696775726174696f6e3c2f7370616e3e0a2020202020202020202020202020202020202020202020203c2f613e0a2020202020202020202020202020202020202020202020203c6469762069643d22636f6c6c6170736554776f2220636c6173733d22636f6c6c617073652220617269612d6c6162656c6c656462793d2268656164696e6754776f2220646174612d706172656e743d22236163636f7264696f6e53696465626172223e0a202020202020202020202020202020202020202020202020202020203c64697620636c6173733d2262672d77686974652070792d3220636f6c6c617073652d696e6e657220726f756e646564223e0a20202020202020202020202020202020202020202020202020202020202020203c683620636c6173733d22636f6c6c617073652d686561646572223e436f6e66696775726174696f6e3a3c2f68363e0a20202020202020202020202020202020202020202020202020202020202020202020202020202020202020202020202020202020202020202020202020202020202020203c6120636c6173733d22636f6c6c617073652d6974656d2220687265663d222e2f3f703d636f6e66696726616d703b743d73697465223e536974652073657474696e67733c2f613e0a20202020202020202020202020202020202020202020202020202020202020202020202020202020202020202020202020202020202020202020202020202020202020203c6120636c6173733d22636f6c6c617073652d6974656d2220687265663d222e2f3f703d636f6e66696726616d703b743d617070656172616e6365223e417070656172616e63653c2f613e0a2020202020202020202020202020202020202020202020202020202020202020202020202020202020202020202020202020202020202020202020203c2f6469763e0a2020202020202020202020202020202020202020202020203c2f6469763e0a20202020202020202020202020202020202020203c2f6c693e0a202020202020202020202020202020202020202020202020202020202020202020202020202020202020202020202020202020202020202020202020202020203c687220636c6173733d22736964656261722d64697669646572206d792d30223e0a202020202020202020202020202020202020202020202020202020202020202020202020202020202020202020202020202020202020202020202020202020203c6c6920636c6173733d226e61762d6974656d223e0a2020202020202020202020202020202020202020202020203c6120636c6173733d226e61762d6c696e6b2220687265663d222e2f3f703d657874656e73696f6e73223e0a202020202020202020202020202020202020202020202020202020203c6920636c6173733d226661732066612d66772066612d746163686f6d657465722d616c74223e3c2f693e0a202020202020202020202020202020202020202020202020202020203c7370616e3e457874656e73696f6e733c2f7370616e3e0a2020202020202020202020202020202020202020202020203c2f613e0a20202020202020202020202020202020202020203c2f6c693e0a202020202020202020202020202020202020202020202020202020202020202020202020202020202020202020202020202020202020202020202020202020203c6c6920636c6173733d226e61762d6974656d223e0a2020202020202020202020202020202020202020202020203c6120636c6173733d226e61762d6c696e6b2220687265663d222e2f3f703d6c6f6773223e0a202020202020202020202020202020202020202020202020202020203c6920636c6173733d226661732066612d66772066612d746163686f6d657465722d616c74223e3c2f693e0a202020202020202020202020202020202020202020202020202020203c7370616e3e4c6f67733c2f7370616e3e0a2020202020202020202020202020202020202020202020203c2f613e0a20202020202020202020202020202020202020203c2f6c693e0a202020202020202020202020202020202020202020202020202020202020202020202020202020203c687220636c6173733d22736964656261722d6469766964657220642d6e6f6e6520642d6d642d626c6f636b223e0a2020202020202020202020203c64697620636c6173733d22746578742d63656e74657220642d6e6f6e6520642d6d642d696e6c696e65223e0a202020202020202020202020202020203c627574746f6e20636c6173733d22726f756e6465642d636972636c6520626f726465722d30222069643d2273696465626172546f67676c65223e3c2f627574746f6e3e0a2020202020202020202020203c2f6469763e0a20202020202020203c2f756c3e0a20202020202020203c6469762069643d22636f6e74656e742d777261707065722220636c6173733d22642d666c657820666c65782d636f6c756d6e223e0a2020202020202020202020203c6469762069643d22636f6e74656e74223e0a202020202020202020202020202020203c6e617620636c6173733d226e6176626172206e61766261722d657870616e64206e61766261722d6c696768742062672d776869746520746f70626172206d622d34207374617469632d746f7020736861646f77223e0a20202020202020202020202020202020202020203c627574746f6e2069643d2273696465626172546f67676c65546f702220636c6173733d2262746e2062746e2d6c696e6b20642d6d642d6e6f6e6520726f756e6465642d636972636c65206d722d33223e0a2020202020202020202020202020202020202020202020203c6920636c6173733d2266612066612d62617273223e3c2f693e0a20202020202020202020202020202020202020203c2f627574746f6e3e0a20202020202020202020202020202020202020203c666f726d20636c6173733d22642d6e6f6e6520642d736d2d696e6c696e652d626c6f636b20666f726d2d696e6c696e65206d722d6175746f206d6c2d6d642d33206d792d32206d792d6d642d30206d772d313030206e61766261722d736561726368223e0a2020202020202020202020202020202020202020202020203c64697620636c6173733d22696e7075742d67726f7570223e0a202020202020202020202020202020202020202020202020202020203c696e70757420747970653d22746578742220636c6173733d22666f726d2d636f6e74726f6c2062672d6c6967687420626f726465722d3020736d616c6c2220706c616365686f6c6465723d2253656172636820666f722e2e2e2220617269612d6c6162656c3d225365617263682220617269612d64657363726962656462793d2262617369632d6164646f6e32223e0a202020202020202020202020202020202020202020202020202020203c64697620636c6173733d22696e7075742d67726f75702d617070656e64223e0a20202020202020202020202020202020202020202020202020202020202020203c627574746f6e20636c6173733d2262746e2062746e2d7072696d6172792220747970653d22627574746f6e223e0a2020202020202020202020202020202020202020202020202020202020202020202020203c6920636c6173733d226661732066612d7365617263682066612d736d223e3c2f693e0a20202020202020202020202020202020202020202020202020202020202020203c2f627574746f6e3e0a202020202020202020202020202020202020202020202020202020203c2f6469763e0a2020202020202020202020202020202020202020202020203c2f6469763e0a20202020202020202020202020202020202020203c2f666f726d3e0a20202020202020202020202020202020202020203c756c20636c6173733d226e61766261722d6e6176206d6c2d6175746f223e0a2020202020202020202020202020202020202020202020203c6c6920636c6173733d226e61762d6974656d2064726f70646f776e206e6f2d6172726f7720642d736d2d6e6f6e65223e0a202020202020202020202020202020202020202020202020202020203c6120636c6173733d226e61762d6c696e6b2064726f70646f776e2d746f67676c652220687265663d2223222069643d2273656172636844726f70646f776e2220726f6c653d22627574746f6e2220646174612d746f67676c653d2264726f70646f776e2220617269612d686173706f7075703d22747275652220617269612d657870616e6465643d2266616c7365223e0a20202020202020202020202020202020202020202020202020202020202020203c6920636c6173733d226661732066612d7365617263682066612d6677223e3c2f693e0a202020202020202020202020202020202020202020202020202020203c2f613e0a202020202020202020202020202020202020202020202020202020203c64697620636c6173733d2264726f70646f776e2d6d656e752064726f70646f776e2d6d656e752d726967687420702d3320736861646f7720616e696d617465642d2d67726f772d696e2220617269612d6c6162656c6c656462793d2273656172636844726f70646f776e223e0a20202020202020202020202020202020202020202020202020202020202020203c666f726d20636c6173733d22666f726d2d696e6c696e65206d722d6175746f20772d313030206e61766261722d736561726368223e0a2020202020202020202020202020202020202020202020202020202020202020202020203c64697620636c6173733d22696e7075742d67726f7570223e0a202020202020202020202020202020202020202020202020202020202020202020202020202020203c696e70757420747970653d22746578742220636c6173733d22666f726d2d636f6e74726f6c2062672d6c6967687420626f726465722d3020736d616c6c2220706c616365686f6c6465723d2253656172636820666f722e2e2e2220617269612d6c6162656c3d225365617263682220617269612d64657363726962656462793d2262617369632d6164646f6e32223e0a202020202020202020202020202020202020202020202020202020202020202020202020202020203c64697620636c6173733d22696e7075742d67726f75702d617070656e64223e0a20202020202020202020202020202020202020202020202020202020202020202020202020202020202020203c627574746f6e20636c6173733d2262746e2062746e2d7072696d6172792220747970653d22627574746f6e223e0a2020202020202020202020202020202020202020202020202020202020202020202020202020202020202020202020203c6920636c6173733d226661732066612d7365617263682066612d736d223e3c2f693e0a20202020202020202020202020202020202020202020202020202020202020202020202020202020202020203c2f627574746f6e3e0a202020202020202020202020202020202020202020202020202020202020202020202020202020203c2f6469763e0a2020202020202020202020202020202020202020202020202020202020202020202020203c2f6469763e0a20202020202020202020202020202020202020202020202020202020202020203c2f666f726d3e0a202020202020202020202020202020202020202020202020202020203c2f6469763e0a2020202020202020202020202020202020202020202020203c2f6c693e0a2020202020202020202020202020202020202020202020203c6c6920636c6173733d226e61762d6974656d2064726f70646f776e206e6f2d6172726f77206d782d31223e0a202020202020202020202020202020202020202020202020202020203c6120636c6173733d226e61762d6c696e6b2064726f70646f776e2d746f67676c652220687265663d2223222069643d22616c6572747344726f70646f776e2220726f6c653d22627574746f6e2220646174612d746f67676c653d2264726f70646f776e2220617269612d686173706f7075703d22747275652220617269612d657870616e6465643d2266616c7365223e0a20202020202020202020202020202020202020202020202020202020202020203c6920636c6173733d226661732066612d62656c6c2066612d6677223e3c2f693e0a20202020202020202020202020202020202020202020202020202020202020203c7370616e20636c6173733d2262616467652062616467652d64616e6765722062616467652d636f756e746572223e332b3c2f7370616e3e0a202020202020202020202020202020202020202020202020202020203c2f613e0a202020202020202020202020202020202020202020202020202020203c64697620636c6173733d2264726f70646f776e2d6c6973742064726f70646f776e2d6d656e752064726f70646f776e2d6d656e752d726967687420736861646f7720616e696d617465642d2d67726f772d696e2220617269612d6c6162656c6c656462793d22616c6572747344726f70646f776e223e0a20202020202020202020202020202020202020202020202020202020202020203c683620636c6173733d2264726f70646f776e2d686561646572223e0a202020202020202020202020202020202020202020202020202020202020202020202020416c657274732043656e7465720a20202020202020202020202020202020202020202020202020202020202020203c2f68363e0a20202020202020202020202020202020202020202020202020202020202020203c6120636c6173733d2264726f70646f776e2d6974656d20642d666c657820616c69676e2d6974656d732d63656e7465722220687265663d2223223e0a2020202020202020202020202020202020202020202020202020202020202020202020203c64697620636c6173733d226d722d33223e0a202020202020202020202020202020202020202020202020202020202020202020202020202020203c64697620636c6173733d2269636f6e2d636972636c652062672d7072696d617279223e0a20202020202020202020202020202020202020202020202020202020202020202020202020202020202020203c6920636c6173733d226661732066612d66696c652d616c7420746578742d7768697465223e3c2f693e0a202020202020202020202020202020202020202020202020202020202020202020202020202020203c2f6469763e0a2020202020202020202020202020202020202020202020202020202020202020202020203c2f6469763e0a2020202020202020202020202020202020202020202020202020202020202020202020203c6469763e0a202020202020202020202020202020202020202020202020202020202020202020202020202020203c64697620636c6173733d22736d616c6c20746578742d677261792d353030223e446563656d6265722031322c20323031393c2f6469763e0a202020202020202020202020202020202020202020202020202020202020202020202020202020203c7370616e20636c6173733d22666f6e742d7765696768742d626f6c64223e41206e6577206d6f6e74686c79207265706f727420697320726561647920746f20646f776e6c6f6164213c2f7370616e3e0a2020202020202020202020202020202020202020202020202020202020202020202020203c2f6469763e0a20202020202020202020202020202020202020202020202020202020202020203c2f613e0a20202020202020202020202020202020202020202020202020202020202020203c6120636c6173733d2264726f70646f776e2d6974656d20642d666c657820616c69676e2d6974656d732d63656e7465722220687265663d2223223e0a2020202020202020202020202020202020202020202020202020202020202020202020203c64697620636c6173733d226d722d33223e0a202020202020202020202020202020202020202020202020202020202020202020202020202020203c64697620636c6173733d2269636f6e2d636972636c652062672d73756363657373223e0a20202020202020202020202020202020202020202020202020202020202020202020202020202020202020203c6920636c6173733d226661732066612d646f6e61746520746578742d7768697465223e3c2f693e0a202020202020202020202020202020202020202020202020202020202020202020202020202020203c2f6469763e0a2020202020202020202020202020202020202020202020202020202020202020202020203c2f6469763e0a2020202020202020202020202020202020202020202020202020202020202020202020203c6469763e0a202020202020202020202020202020202020202020202020202020202020202020202020202020203c64697620636c6173733d22736d616c6c20746578742d677261792d353030223e446563656d62657220372c20323031393c2f6469763e0a20202020202020202020202020202020202020202020202020202020202020202020202020202020243239302e323920686173206265656e206465706f736974656420696e746f20796f7572206163636f756e74210a2020202020202020202020202020202020202020202020202020202020202020202020203c2f6469763e0a20202020202020202020202020202020202020202020202020202020202020203c2f613e0a20202020202020202020202020202020202020202020202020202020202020203c6120636c6173733d2264726f70646f776e2d6974656d20642d666c657820616c69676e2d6974656d732d63656e7465722220687265663d2223223e0a2020202020202020202020202020202020202020202020202020202020202020202020203c64697620636c6173733d226d722d33223e0a202020202020202020202020202020202020202020202020202020202020202020202020202020203c64697620636c6173733d2269636f6e2d636972636c652062672d7761726e696e67223e0a20202020202020202020202020202020202020202020202020202020202020202020202020202020202020203c6920636c6173733d226661732066612d6578636c616d6174696f6e2d747269616e676c6520746578742d7768697465223e3c2f693e0a202020202020202020202020202020202020202020202020202020202020202020202020202020203c2f6469763e0a2020202020202020202020202020202020202020202020202020202020202020202020203c2f6469763e0a2020202020202020202020202020202020202020202020202020202020202020202020203c6469763e0a202020202020202020202020202020202020202020202020202020202020202020202020202020203c64697620636c6173733d22736d616c6c20746578742d677261792d353030223e446563656d62657220322c20323031393c2f6469763e0a202020202020202020202020202020202020202020202020202020202020202020202020202020205370656e64696e6720416c6572743a205765277665206e6f746963656420756e757375616c6c792068696768207370656e64696e6720666f7220796f7572206163636f756e742e0a2020202020202020202020202020202020202020202020202020202020202020202020203c2f6469763e0a20202020202020202020202020202020202020202020202020202020202020203c2f613e0a20202020202020202020202020202020202020202020202020202020202020203c6120636c6173733d2264726f70646f776e2d6974656d20746578742d63656e74657220736d616c6c20746578742d677261792d3530302220687265663d2223223e53686f7720416c6c20416c657274733c2f613e0a202020202020202020202020202020202020202020202020202020203c2f6469763e0a2020202020202020202020202020202020202020202020203c2f6c693e0a2020202020202020202020202020202020202020202020203c6c6920636c6173733d226e61762d6974656d2064726f70646f776e206e6f2d6172726f77206d782d31223e0a202020202020202020202020202020202020202020202020202020203c6120636c6173733d226e61762d6c696e6b2064726f70646f776e2d746f67676c652220687265663d2223222069643d226d6573736167657344726f70646f776e2220726f6c653d22627574746f6e2220646174612d746f67676c653d2264726f70646f776e2220617269612d686173706f7075703d22747275652220617269612d657870616e6465643d2266616c7365223e0a20202020202020202020202020202020202020202020202020202020202020203c6920636c6173733d226661732066612d656e76656c6f70652066612d6677223e3c2f693e0a20202020202020202020202020202020202020202020202020202020202020203c7370616e20636c6173733d2262616467652062616467652d64616e6765722062616467652d636f756e746572223e373c2f7370616e3e0a202020202020202020202020202020202020202020202020202020203c2f613e0a202020202020202020202020202020202020202020202020202020203c64697620636c6173733d2264726f70646f776e2d6c6973742064726f70646f776e2d6d656e752064726f70646f776e2d6d656e752d726967687420736861646f7720616e696d617465642d2d67726f772d696e2220617269612d6c6162656c6c656462793d226d6573736167657344726f70646f776e223e0a20202020202020202020202020202020202020202020202020202020202020203c683620636c6173733d2264726f70646f776e2d686561646572223e0a2020202020202020202020202020202020202020202020202020202020202020202020204d6573736167652043656e7465720a20202020202020202020202020202020202020202020202020202020202020203c2f68363e0a20202020202020202020202020202020202020202020202020202020202020203c6120636c6173733d2264726f70646f776e2d6974656d20642d666c657820616c69676e2d6974656d732d63656e7465722220687265663d2223223e0a2020202020202020202020202020202020202020202020202020202020202020202020203c64697620636c6173733d2264726f70646f776e2d6c6973742d696d616765206d722d33223e0a202020202020202020202020202020202020202020202020202020202020202020202020202020203c696d6720636c6173733d22726f756e6465642d636972636c6522207372633d2268747470733a2f2f736f757263652e756e73706c6173682e636f6d2f666e5f4254396677675f452f36307836302220616c743d22223e0a202020202020202020202020202020202020202020202020202020202020202020202020202020203c64697620636c6173733d227374617475732d696e64696361746f722062672d73756363657373223e3c2f6469763e0a2020202020202020202020202020202020202020202020202020202020202020202020203c2f6469763e0a2020202020202020202020202020202020202020202020202020202020202020202020203c64697620636c6173733d22666f6e742d7765696768742d626f6c64223e0a202020202020202020202020202020202020202020202020202020202020202020202020202020203c64697620636c6173733d22746578742d7472756e63617465223e486920746865726521204920616d20776f6e646572696e6720696620796f752063616e2068656c70206d65207769746820612070726f626c656d2049277665206265656e20686176696e672e3c2f6469763e0a202020202020202020202020202020202020202020202020202020202020202020202020202020203c64697620636c6173733d22736d616c6c20746578742d677261792d353030223e456d696c7920466f776c657220c2b72035386d3c2f6469763e0a2020202020202020202020202020202020202020202020202020202020202020202020203c2f6469763e0a20202020202020202020202020202020202020202020202020202020202020203c2f613e0a20202020202020202020202020202020202020202020202020202020202020203c6120636c6173733d2264726f70646f776e2d6974656d20642d666c657820616c69676e2d6974656d732d63656e7465722220687265663d2223223e0a2020202020202020202020202020202020202020202020202020202020202020202020203c64697620636c6173733d2264726f70646f776e2d6c6973742d696d616765206d722d33223e0a202020202020202020202020202020202020202020202020202020202020202020202020202020203c696d6720636c6173733d22726f756e6465642d636972636c6522207372633d2268747470733a2f2f736f757263652e756e73706c6173682e636f6d2f415534565063464e344c452f36307836302220616c743d22223e0a202020202020202020202020202020202020202020202020202020202020202020202020202020203c64697620636c6173733d227374617475732d696e64696361746f72223e3c2f6469763e0a2020202020202020202020202020202020202020202020202020202020202020202020203c2f6469763e0a2020202020202020202020202020202020202020202020202020202020202020202020203c6469763e0a202020202020202020202020202020202020202020202020202020202020202020202020202020203c64697620636c6173733d22746578742d7472756e63617465223e492068617665207468652070686f746f73207468617420796f75206f726465726564206c617374206d6f6e74682c20686f7720776f756c6420796f75206c696b65207468656d2073656e7420746f20796f753f3c2f6469763e0a202020202020202020202020202020202020202020202020202020202020202020202020202020203c64697620636c6173733d22736d616c6c20746578742d677261792d353030223e4a6165204368756e20c2b72031643c2f6469763e0a2020202020202020202020202020202020202020202020202020202020202020202020203c2f6469763e0a20202020202020202020202020202020202020202020202020202020202020203c2f613e0a20202020202020202020202020202020202020202020202020202020202020203c6120636c6173733d2264726f70646f776e2d6974656d20642d666c657820616c69676e2d6974656d732d63656e7465722220687265663d2223223e0a2020202020202020202020202020202020202020202020202020202020202020202020203c64697620636c6173733d2264726f70646f776e2d6c6973742d696d616765206d722d33223e0a202020202020202020202020202020202020202020202020202020202020202020202020202020203c696d6720636c6173733d22726f756e6465642d636972636c6522207372633d2268747470733a2f2f736f757263652e756e73706c6173682e636f6d2f435332754372704e7a4a592f36307836302220616c743d22223e0a202020202020202020202020202020202020202020202020202020202020202020202020202020203c64697620636c6173733d227374617475732d696e64696361746f722062672d7761726e696e67223e3c2f6469763e0a2020202020202020202020202020202020202020202020202020202020202020202020203c2f6469763e0a2020202020202020202020202020202020202020202020202020202020202020202020203c6469763e0a202020202020202020202020202020202020202020202020202020202020202020202020202020203c64697620636c6173733d22746578742d7472756e63617465223e4c617374206d6f6e74682773207265706f7274206c6f6f6b732067726561742c204920616d20766572792068617070792077697468207468652070726f677265737320736f206661722c206b6565702075702074686520676f6f6420776f726b213c2f6469763e0a202020202020202020202020202020202020202020202020202020202020202020202020202020203c64697620636c6173733d22736d616c6c20746578742d677261792d353030223e4d6f7267616e20416c766172657a20c2b72032643c2f6469763e0a2020202020202020202020202020202020202020202020202020202020202020202020203c2f6469763e0a20202020202020202020202020202020202020202020202020202020202020203c2f613e0a20202020202020202020202020202020202020202020202020202020202020203c6120636c6173733d2264726f70646f776e2d6974656d20642d666c657820616c69676e2d6974656d732d63656e7465722220687265663d2223223e0a2020202020202020202020202020202020202020202020202020202020202020202020203c64697620636c6173733d2264726f70646f776e2d6c6973742d696d616765206d722d33223e0a202020202020202020202020202020202020202020202020202020202020202020202020202020203c696d6720636c6173733d22726f756e6465642d636972636c6522207372633d2268747470733a2f2f736f757263652e756e73706c6173682e636f6d2f4d7639686a6e45554852342f36307836302220616c743d22223e0a202020202020202020202020202020202020202020202020202020202020202020202020202020203c64697620636c6173733d227374617475732d696e64696361746f722062672d73756363657373223e3c2f6469763e0a2020202020202020202020202020202020202020202020202020202020202020202020203c2f6469763e0a2020202020202020202020202020202020202020202020202020202020202020202020203c6469763e0a202020202020202020202020202020202020202020202020202020202020202020202020202020203c64697620636c6173733d22746578742d7472756e63617465223e416d2049206120676f6f6420626f793f2054686520726561736f6e20492061736b206973206265636175736520736f6d656f6e6520746f6c64206d6520746861742070656f706c6520736179207468697320746f20616c6c20646f67732c206576656e2069662074686579206172656e277420676f6f642e2e2e3c2f6469763e0a202020202020202020202020202020202020202020202020202020202020202020202020202020203c64697620636c6173733d22736d616c6c20746578742d677261792d353030223e436869636b656e2074686520446f6720c2b72032773c2f6469763e0a2020202020202020202020202020202020202020202020202020202020202020202020203c2f6469763e0a20202020202020202020202020202020202020202020202020202020202020203c2f613e0a20202020202020202020202020202020202020202020202020202020202020203c6120636c6173733d2264726f70646f776e2d6974656d20746578742d63656e74657220736d616c6c20746578742d677261792d3530302220687265663d2223223e52656164204d6f7265204d657373616765733c2f613e0a202020202020202020202020202020202020202020202020202020203c2f6469763e0a2020202020202020202020202020202020202020202020203c2f6c693e0a2020202020202020202020202020202020202020202020203c64697620636c6173733d22746f706261722d6469766964657220642d6e6f6e6520642d736d2d626c6f636b223e3c2f6469763e0a2020202020202020202020202020202020202020202020203c6c6920636c6173733d226e61762d6974656d2064726f70646f776e206e6f2d6172726f77223e0a202020202020202020202020202020202020202020202020202020203c6120636c6173733d226e61762d6c696e6b2064726f70646f776e2d746f67676c652220687265663d2223222069643d227573657244726f70646f776e2220726f6c653d22627574746f6e2220646174612d746f67676c653d2264726f70646f776e2220617269612d686173706f7075703d22747275652220617269612d657870616e6465643d2266616c7365223e0a20202020202020202020202020202020202020202020202020202020202020203c7370616e20636c6173733d226d722d3220642d6e6f6e6520642d6c672d696e6c696e6520746578742d677261792d36303020736d616c6c223e56616c65726965204c756e613c2f7370616e3e0a20202020202020202020202020202020202020202020202020202020202020203c696d6720636c6173733d22696d672d70726f66696c6520726f756e6465642d636972636c6522207372633d2268747470733a2f2f736f757263652e756e73706c6173682e636f6d2f5141422d574a6362674a6b2f3630783630223e0a202020202020202020202020202020202020202020202020202020203c2f613e0a202020202020202020202020202020202020202020202020202020203c64697620636c6173733d2264726f70646f776e2d6d656e752064726f70646f776e2d6d656e752d726967687420736861646f7720616e696d617465642d2d67726f772d696e2220617269612d6c6162656c6c656462793d227573657244726f70646f776e223e0a20202020202020202020202020202020202020202020202020202020202020203c6120636c6173733d2264726f70646f776e2d6974656d2220687265663d2223223e0a2020202020202020202020202020202020202020202020202020202020202020202020203c6920636c6173733d226661732066612d757365722066612d736d2066612d6677206d722d3220746578742d677261792d343030223e3c2f693e0a20202020202020202020202020202020202020202020202020202020202020202020202050726f66696c650a20202020202020202020202020202020202020202020202020202020202020203c2f613e0a20202020202020202020202020202020202020202020202020202020202020203c6120636c6173733d2264726f70646f776e2d6974656d2220687265663d2223223e0a2020202020202020202020202020202020202020202020202020202020202020202020203c6920636c6173733d226661732066612d636f67732066612d736d2066612d6677206d722d3220746578742d677261792d343030223e3c2f693e0a20202020202020202020202020202020202020202020202020202020202020202020202053657474696e67730a20202020202020202020202020202020202020202020202020202020202020203c2f613e0a20202020202020202020202020202020202020202020202020202020202020203c6120636c6173733d2264726f70646f776e2d6974656d2220687265663d2223223e0a2020202020202020202020202020202020202020202020202020202020202020202020203c6920636c6173733d226661732066612d6c6973742066612d736d2066612d6677206d722d3220746578742d677261792d343030223e3c2f693e0a2020202020202020202020202020202020202020202020202020202020202020202020204163746976697479204c6f670a20202020202020202020202020202020202020202020202020202020202020203c2f613e0a20202020202020202020202020202020202020202020202020202020202020203c64697620636c6173733d2264726f70646f776e2d64697669646572223e3c2f6469763e0a20202020202020202020202020202020202020202020202020202020202020203c6120636c6173733d2264726f70646f776e2d6974656d2220687265663d222e2f3f703d636163686526636c6561725f616c6c223e0a2020202020202020202020202020202020202020202020202020202020202020202020203c6920636c6173733d226661732066612d6c6973742066612d736d2066612d6677206d722d3220746578742d677261792d343030223e3c2f693e0a202020202020202020202020202020202020202020202020202020202020202020202020436c65617220616c6c206361636865730a20202020202020202020202020202020202020202020202020202020202020203c2f613e0a20202020202020202020202020202020202020202020202020202020202020203c64697620636c6173733d2264726f70646f776e2d64697669646572223e3c2f6469763e0a20202020202020202020202020202020202020202020202020202020202020203c6120636c6173733d2264726f70646f776e2d6974656d2220687265663d22232220646174612d746f67676c653d226d6f64616c2220646174612d7461726765743d22236c6f676f75744d6f64616c223e0a2020202020202020202020202020202020202020202020202020202020202020202020203c6920636c6173733d226661732066612d7369676e2d6f75742d616c742066612d736d2066612d6677206d722d3220746578742d677261792d343030223e3c2f693e0a2020202020202020202020202020202020202020202020202020202020202020202020204c6f676f75740a20202020202020202020202020202020202020202020202020202020202020203c2f613e0a202020202020202020202020202020202020202020202020202020203c2f6469763e0a2020202020202020202020202020202020202020202020203c2f6c693e0a20202020202020202020202020202020202020203c2f756c3e0a202020202020202020202020202020203c2f6e61763e0a202020202020202020202020202020200a223b, '', 'page', 0, 1600710711),
('page.logs', 0x733a313439343a223c212d2d20426567696e205061676520436f6e74656e74202d2d3e0a3c64697620636c6173733d22636f6e7461696e65722d666c756964223e0a0a202020203c212d2d20506167652048656164696e67202d2d3e0a202020203c683120636c6173733d226833206d622d3220746578742d677261792d383030223e526563656e74206c6f6773203c6120636c6173733d2262746e2062746e2d7072696d6172792220687265663d222e2f3f703d6c6f677326743d636c656172223e436c656172206c6f67733c2f613e3c2f68313e0a0a202020203c212d2d204c6f6773207461626c65202d2d3e0a202020203c64697620636c6173733d226361726420736861646f77206d622d34223e0a20202020202020203c64697620636c6173733d22636172642d626f6479223e0a2020202020202020202020203c64697620636c6173733d227461626c652d726573706f6e73697665223e0a202020202020202020202020202020203c7461626c6520636c6173733d227461626c65207461626c652d626f726465726564222069643d22646174615461626c65222077696474683d2231303025222063656c6c73706163696e673d2230223e0a20202020202020202020202020202020202020203c74686561643e0a20202020202020202020202020202020202020203c74723e0a2020202020202020202020202020202020202020202020203c74683e49443c2f74683e0a2020202020202020202020202020202020202020202020203c74683e547970653c2f74683e0a2020202020202020202020202020202020202020202020203c74683e4f776e65723c2f74683e0a2020202020202020202020202020202020202020202020203c74683e43617465676f72793c2f74683e0a2020202020202020202020202020202020202020202020203c74683e4d6573736167653c2f74683e0a20202020202020202020202020202020202020203c2f74723e0a20202020202020202020202020202020202020203c2f74686561643e0a20202020202020202020202020202020202020203c74626f64793e0a202020202020202020202020202020202020202020202020202020202020202020202020202020203c74723e0a2020202020202020202020202020202020202020202020203c74643e323c2f74643e0a2020202020202020202020202020202020202020202020203c74643e737563636573733c2f74643e0a2020202020202020202020202020202020202020202020203c74643e416e6f6e796d6f75733c2f74643e0a2020202020202020202020202020202020202020202020203c74643e457874656e73696f6e733c2f74643e0a2020202020202020202020202020202020202020202020203c74643e556e696e7374616c6c656420657874656e73696f6e20546573744576656e74733c2f74643e0a20202020202020202020202020202020202020203c2f74723e0a202020202020202020202020202020202020202020202020202020202020202020202020202020203c74723e0a2020202020202020202020202020202020202020202020203c74643e313c2f74643e0a2020202020202020202020202020202020202020202020203c74643e737563636573733c2f74643e0a2020202020202020202020202020202020202020202020203c74643e416e6f6e796d6f75733c2f74643e0a2020202020202020202020202020202020202020202020203c74643e457874656e73696f6e733c2f74643e0a2020202020202020202020202020202020202020202020203c74643e496e7374616c6c656420657874656e73696f6e20546573744576656e74733c2f74643e0a20202020202020202020202020202020202020203c2f74723e0a202020202020202020202020202020202020202020202020202020202020202020202020202020203c2f74626f64793e0a202020202020202020202020202020203c2f7461626c653e0a2020202020202020202020203c2f6469763e0a20202020202020203c2f6469763e0a202020203c2f6469763e0a3c2f6469763e223b, '', 'page', 0, 1600710705);

-- --------------------------------------------------------

--
-- Table structure for table `config`
--

CREATE TABLE `config` (
  `field` varchar(255) NOT NULL,
  `value` text NOT NULL
) ENGINE=InnoDB DEFAULT CHARSET=utf8;

--
-- Dumping data for table `config`
--

INSERT INTO `config` (`field`, `value`) VALUES
('admin', 'a:1:{s:2:\"id\";i:1;}'),
('site', 'a:2:{s:4:\"name\";s:9:\"Rom Tools\";s:16:\"default_langcode\";s:2:\"en\";}'),
('theme', 'a:2:{s:5:\"admin\";s:7:\"default\";s:5:\"front\";s:7:\"default\";}');

-- --------------------------------------------------------

--
-- Table structure for table `extensions`
--

CREATE TABLE `extensions` (
  `type` varchar(255) NOT NULL,
  `name` varchar(255) NOT NULL,
  `installed` tinyint(1) NOT NULL DEFAULT 0
) ENGINE=InnoDB DEFAULT CHARSET=utf8;

--
-- Dumping data for table `extensions`
--

INSERT INTO `extensions` (`type`, `name`, `installed`) VALUES
('matter', 'Article', 0),
('core', 'Cache', 1),
('core', 'Database', 1),
('contrib', 'DummyContent', 0),
('core', 'Events', 1),
('core', 'ExtensionManager', 1),
('core', 'File', 1),
('core', 'Form', 1),
('core', 'Language', 1),
('core', 'Manifest', 1),
('core', 'Matter', 1),
('matter', 'Menu', 1),
('core', 'Page', 1),
('core', 'Person', 1),
('contrib', 'TestEvents', 0),
('core', 'Translation', 1);

-- --------------------------------------------------------

--
-- Table structure for table `languages`
--

CREATE TABLE `languages` (
  `id` int(255) NOT NULL,
  `langcode` varchar(2) NOT NULL,
  `language` varchar(255) NOT NULL,
  `country` varchar(255) NOT NULL
) ENGINE=InnoDB DEFAULT CHARSET=utf8mb4;

--
-- Dumping data for table `languages`
--

INSERT INTO `languages` (`id`, `langcode`, `language`, `country`) VALUES
(1, 'en', 'English', 'United States of America'),
(2, 'nl', 'Dutch', 'The Netherlands');

-- --------------------------------------------------------

--
-- Table structure for table `logs`
--

CREATE TABLE `logs` (
  `id` int(255) NOT NULL,
  `type` varchar(255) NOT NULL,
  `page` varchar(255) NOT NULL,
  `owner` int(25) NOT NULL,
  `backtrace` blob NOT NULL,
  `category` varchar(255) NOT NULL,
  `message` text NOT NULL,
  `rendered` int(1) NOT NULL
) ENGINE=InnoDB DEFAULT CHARSET=utf8;

--
-- Dumping data for table `logs`
--

INSERT INTO `logs` (`id`, `type`, `page`, `owner`, `backtrace`, `category`, `message`, `rendered`) VALUES
(1, '4', '/nick-the-headless-cms/web/?p=extensions&t=install&id=TestEvents&confirm', 0, 0x613a363a7b693a303b613a373a7b733a343a2266696c65223b733a39353a22443a5c58616d70705c6874646f63735c6e69636b2d7468652d686561646c6573732d636d735c7765625c636f72655c636f6d706f6e656e74735c457874656e73696f6e4d616e616765725c457874656e73696f6e4d616e616765722e706870223b733a343a226c696e65223b693a3131303b733a383a2266756e6374696f6e223b733a333a22616464223b733a353a22636c617373223b733a31313a224e69636b5c4c6f67676572223b733a363a226f626a656374223b4f3a31313a224e69636b5c4c6f67676572223a323a7b733a31313a22002a006461746162617365223b4f3a32323a224e69636b5c44617461626173655c4461746162617365223a31353a7b733a353a22002a006462223b733a343a226e69636b223b733a31313a22002a006461746162617365223b4f3a363a226d7973716c69223a31383a7b733a31333a2261666665637465645f726f7773223b4e3b733a31313a22636c69656e745f696e666f223b4e3b733a31343a22636c69656e745f76657273696f6e223b4e3b733a31333a22636f6e6e6563745f6572726e6f223b4e3b733a31333a22636f6e6e6563745f6572726f72223b4e3b733a353a226572726e6f223b4e3b733a353a226572726f72223b4e3b733a31303a226572726f725f6c697374223b4e3b733a31313a226669656c645f636f756e74223b4e3b733a393a22686f73745f696e666f223b4e3b733a343a22696e666f223b4e3b733a393a22696e736572745f6964223b4e3b733a31313a227365727665725f696e666f223b4e3b733a31343a227365727665725f76657273696f6e223b4e3b733a383a2273716c7374617465223b4e3b733a31363a2270726f746f636f6c5f76657273696f6e223b4e3b733a393a227468726561645f6964223b4e3b733a31333a227761726e696e675f636f756e74223b4e3b7d733a393a22002a00726573756c74223b4e3b733a383a22002a007175657279223b613a323a7b733a383a227573655175657279223b623a303b733a353a227175657279223b613a303a7b7d7d733a393a22002a006d6574686f64223b733a303a22223b733a393a22002a007461626c6573223b613a303a7b7d733a393a22002a006669656c6473223b613a303a7b7d733a393a22002a0076616c756573223b613a303a7b7d733a383a22002a006a6f696e73223b613a323a7b733a383a2269734a6f696e6564223b623a303b733a343a226a6f696e223b613a303a7b7d7d733a31303a22002a006f726465726279223b613a303a7b7d733a383a22002a006c696d6974223b4e3b733a31333a22002a00636f6e646974696f6e73223b613a303a7b7d733a32323a22002a00636f6e646974696f6e5f64656c696d69746572223b733a333a22414e44223b733a31323a22002a007573655f6361636865223b623a303b733a31313a22002a0073657474696e6773223b613a353a7b733a383a226461746162617365223b613a363a7b733a343a2274797065223b733a353a226d7973716c223b733a383a22686f73746e616d65223b733a393a226c6f63616c686f7374223b733a383a22757365726e616d65223b733a343a22726f6f74223b733a383a226461746162617365223b733a343a226e69636b223b733a383a2270617373776f7264223b733a303a22223b733a343a22706f7274223b733a343a2233333036223b7d733a343a22726f6f74223b613a323a7b733a363a22666f6c646572223b733a33373a22443a5c58616d70705c6874646f63735c6e69636b2d7468652d686561646c6573732d636d73223b733a333a2275726c223b733a34323a22687474703a2f2f6c6f63616c686f73742f6e69636b2d7468652d686561646c6573732d636d732f776562223b7d733a363a22636f6e666967223b613a313a7b733a363a22666f6c646572223b733a34343a22443a5c58616d70705c6874646f63735c6e69636b2d7468652d686561646c6573732d636d732f636f6e666967223b7d733a363a227468656d6573223b613a313a7b733a363a22666f6c646572223b733a34383a22443a5c58616d70705c6874646f63735c6e69636b2d7468652d686561646c6573732d636d732f7765622f7468656d6573223b7d733a31343a22747769675f646562756767696e67223b623a313b7d7d733a31313a22002a0072656e6465726572223b4f3a31333a224e69636b5c52656e6465726572223a333a7b733a373a22002a0074797065223b4e3b733a31353a22002a007468656d655f666f6c646572223b733a35373a22443a5c58616d70705c6874646f63735c6e69636b2d7468652d686561646c6573732d636d732f7765622f7468656d65732f64656661756c742f223b733a31313a22002a0073657474696e6773223b613a353a7b733a383a226461746162617365223b613a363a7b733a343a2274797065223b733a353a226d7973716c223b733a383a22686f73746e616d65223b733a393a226c6f63616c686f7374223b733a383a22757365726e616d65223b733a343a22726f6f74223b733a383a226461746162617365223b733a343a226e69636b223b733a383a2270617373776f7264223b733a303a22223b733a343a22706f7274223b733a343a2233333036223b7d733a343a22726f6f74223b613a323a7b733a363a22666f6c646572223b733a33373a22443a5c58616d70705c6874646f63735c6e69636b2d7468652d686561646c6573732d636d73223b733a333a2275726c223b733a34323a22687474703a2f2f6c6f63616c686f73742f6e69636b2d7468652d686561646c6573732d636d732f776562223b7d733a363a22636f6e666967223b613a313a7b733a363a22666f6c646572223b733a34343a22443a5c58616d70705c6874646f63735c6e69636b2d7468652d686561646c6573732d636d732f636f6e666967223b7d733a363a227468656d6573223b613a313a7b733a363a22666f6c646572223b733a34383a22443a5c58616d70705c6874646f63735c6e69636b2d7468652d686561646c6573732d636d732f7765622f7468656d6573223b7d733a31343a22747769675f646562756767696e67223b623a313b7d7d7d733a343a2274797065223b733a323a222d3e223b733a343a2261726773223b613a333a7b693a303b733a33303a22496e7374616c6c656420657874656e73696f6e20546573744576656e7473223b693a313b693a343b693a323b733a31303a22457874656e73696f6e73223b7d7d693a313b613a363a7b733a343a2266696c65223b733a39353a22443a5c58616d70705c6874646f63735c6e69636b2d7468652d686561646c6573732d636d735c7765625c636f72655c636f6d706f6e656e74735c457874656e73696f6e4d616e616765725c50616765735c457874656e73696f6e732e706870223b733a343a226c696e65223b693a37393b733a383a2266756e6374696f6e223b733a31363a22696e7374616c6c457874656e73696f6e223b733a353a22636c617373223b733a33383a224e69636b5c457874656e73696f6e4d616e616765725c457874656e73696f6e4d616e61676572223b733a343a2274797065223b733a323a223a3a223b733a343a2261726773223b613a323a7b693a303b733a31303a22546573744576656e7473223b693a313b733a393a22657874656e73696f6e223b7d7d693a323b613a373a7b733a343a2266696c65223b733a37333a22443a5c58616d70705c6874646f63735c6e69636b2d7468652d686561646c6573732d636d735c7765625c636f72655c636f6d706f6e656e74735c43616368655c43616368652e706870223b733a343a226c696e65223b693a38393b733a383a2266756e6374696f6e223b733a363a2272656e646572223b733a353a22636c617373223b733a33383a224e69636b5c457874656e73696f6e4d616e616765725c50616765735c457874656e73696f6e73223b733a363a226f626a656374223b4f3a33383a224e69636b5c457874656e73696f6e4d616e616765725c50616765735c457874656e73696f6e73223a323a7b733a31303a22002a0063616368696e67223b613a333a7b733a333a226b6579223b733a31353a22706167652e657874656e73696f6e73223b733a373a22636f6e74657874223b733a343a2270616765223b733a373a226d61782d616765223b693a303b7d733a31333a22002a00706172616d6574657273223b613a333a7b733a323a226964223b733a31303a22657874656e73696f6e73223b733a353a227469746c65223b733a31303a22457874656e73696f6e73223b733a373a2273756d6d617279223b733a33313a2257656c636f6d6520746f20796f7572204e69636b2044617368626f61726421223b7d7d733a343a2274797065223b733a323a222d3e223b733a343a2261726773223b613a313a7b693a303b613a343a7b733a313a2270223b733a31303a22657874656e73696f6e73223b733a313a2274223b733a373a22696e7374616c6c223b733a323a226964223b733a31303a22546573744576656e7473223b733a373a22636f6e6669726d223b733a303a22223b7d7d7d693a333b613a373a7b733a343a2266696c65223b733a37383a22443a5c58616d70705c6874646f63735c6e69636b2d7468652d686561646c6573732d636d735c7765625c636f72655c636f6d706f6e656e74735c506167655c506167654d616e616765722e706870223b733a343a226c696e65223b693a34393b733a383a2266756e6374696f6e223b733a31343a22676574436f6e74656e7444617461223b733a353a22636c617373223b733a31363a224e69636b5c43616368655c4361636865223b733a363a226f626a656374223b4f3a31363a224e69636b5c43616368655c4361636865223a333a7b733a31363a22002a00636163686561626c6544617461223b613a31323a7b733a31323a224e49434b5f56455253494f4e223b733a313a2230223b733a32303a224e49434b5f56455253494f4e5f52454c45415345223b733a313a2239223b733a32363a224e49434b5f56455253494f4e5f52454c454153455f4d494e4f52223b733a313a2233223b733a31393a224e49434b5f56455253494f4e5f535441545553223b733a343a2262657461223b733a31373a22657874656e73696f6e2e6d616e61676572223b4f3a33383a224e69636b5c457874656e73696f6e4d616e616765725c457874656e73696f6e4d616e61676572223a303a7b7d733a31303a22636f6e6e656374696f6e223b723a31303b733a383a226461746162617365223b723a383b733a353a227468656d65223b4f3a31303a224e69636b5c5468656d65223a313a7b733a31313a22002a0073657474696e6773223b613a353a7b733a383a226461746162617365223b613a363a7b733a343a2274797065223b733a353a226d7973716c223b733a383a22686f73746e616d65223b733a393a226c6f63616c686f7374223b733a383a22757365726e616d65223b733a343a22726f6f74223b733a383a226461746162617365223b733a343a226e69636b223b733a383a2270617373776f7264223b733a303a22223b733a343a22706f7274223b733a343a2233333036223b7d733a343a22726f6f74223b613a323a7b733a363a22666f6c646572223b733a33373a22443a5c58616d70705c6874646f63735c6e69636b2d7468652d686561646c6573732d636d73223b733a333a2275726c223b733a34323a22687474703a2f2f6c6f63616c686f73742f6e69636b2d7468652d686561646c6573732d636d732f776562223b7d733a363a22636f6e666967223b613a313a7b733a363a22666f6c646572223b733a34343a22443a5c58616d70705c6874646f63735c6e69636b2d7468652d686561646c6573732d636d732f636f6e666967223b7d733a363a227468656d6573223b613a313a7b733a363a22666f6c646572223b733a34383a22443a5c58616d70705c6874646f63735c6e69636b2d7468652d686561646c6573732d636d732f7765622f7468656d6573223b7d733a31343a22747769675f646562756767696e67223b623a313b7d7d733a363a22636f6e666967223b4f3a31313a224e69636b5c436f6e666967223a313a7b733a31313a22002a0073657474696e6773223b613a353a7b733a383a226461746162617365223b613a363a7b733a343a2274797065223b733a353a226d7973716c223b733a383a22686f73746e616d65223b733a393a226c6f63616c686f7374223b733a383a22757365726e616d65223b733a343a22726f6f74223b733a383a226461746162617365223b733a343a226e69636b223b733a383a2270617373776f7264223b733a303a22223b733a343a22706f7274223b733a343a2233333036223b7d733a343a22726f6f74223b613a323a7b733a363a22666f6c646572223b733a33373a22443a5c58616d70705c6874646f63735c6e69636b2d7468652d686561646c6573732d636d73223b733a333a2275726c223b733a34323a22687474703a2f2f6c6f63616c686f73742f6e69636b2d7468652d686561646c6573732d636d732f776562223b7d733a363a22636f6e666967223b613a313a7b733a363a22666f6c646572223b733a34343a22443a5c58616d70705c6874646f63735c6e69636b2d7468652d686561646c6573732d636d732f636f6e666967223b7d733a363a227468656d6573223b613a313a7b733a363a22666f6c646572223b733a34383a22443a5c58616d70705c6874646f63735c6e69636b2d7468652d686561646c6573732d636d732f7765622f7468656d6573223b7d733a31343a22747769675f646562756767696e67223b623a313b7d7d733a31363a226c616e67756167652e6d616e61676572223b4f3a32393a224e69636b5c4c616e67756167655c4c616e67756167654d616e61676572223a323a7b733a31383a22002a0064656661756c744c616e67636f6465223b733a323a22656e223b733a31383a22002a0063757272656e744c616e67636f6465223b733a323a22656e223b7d733a31313a227472616e736c6174696f6e223b4f3a32383a224e69636b5c5472616e736c6174696f6e5c5472616e736c6174696f6e223a313a7b733a31383a22002a006c616e67756167654d616e61676572223b723a3136333b7d733a363a226c6f67676572223b723a373b7d733a31333a22002a0063616368655374617473223b613a31333a7b733a31373a22657874656e73696f6e2e6d616e61676572223b613a323a7b733a373a2263726561746564223b693a313b733a363a2263616c6c6564223b693a38353b7d733a383a226461746162617365223b613a323a7b733a373a2263726561746564223b693a313b733a363a2263616c6c6564223b693a3132373b7d733a31303a22636f6e6e656374696f6e223b613a323a7b733a373a2263726561746564223b693a313b733a363a2263616c6c6564223b693a3132363b7d733a353a227468656d65223b613a323a7b733a373a2263726561746564223b693a313b733a363a2263616c6c6564223b693a343b7d733a363a22636f6e666967223b613a323a7b733a373a2263726561746564223b693a313b733a363a2263616c6c6564223b693a33363b7d733a31313a227472616e736c6174696f6e223b613a323a7b733a373a2263726561746564223b693a313b733a363a2263616c6c6564223b693a363b7d733a31363a226c616e67756167652e6d616e61676572223b613a323a7b733a373a2263726561746564223b693a313b733a363a2263616c6c6564223b693a313b7d733a31323a224e49434b5f56455253494f4e223b613a323a7b733a373a2263726561746564223b693a303b733a363a2263616c6c6564223b693a313b7d733a32303a224e49434b5f56455253494f4e5f52454c45415345223b613a323a7b733a373a2263726561746564223b693a303b733a363a2263616c6c6564223b693a313b7d733a32363a224e49434b5f56455253494f4e5f52454c454153455f4d494e4f52223b613a323a7b733a373a2263726561746564223b693a303b733a363a2263616c6c6564223b693a313b7d733a31393a224e49434b5f56455253494f4e5f535441545553223b613a323a7b733a373a2263726561746564223b693a303b733a363a2263616c6c6564223b693a313b7d733a373a22636f6e74656e74223b613a313a7b733a31313a22706167652e686561646572223b613a323a7b733a373a2263726561746564223b693a313b733a363a2263616c6c6564223b693a313b7d7d733a363a226c6f67676572223b613a323a7b733a373a2263726561746564223b693a313b733a363a2263616c6c6564223b693a323b7d7d733a31313a22002a0073657474696e6773223b613a353a7b733a383a226461746162617365223b613a363a7b733a343a2274797065223b733a353a226d7973716c223b733a383a22686f73746e616d65223b733a393a226c6f63616c686f7374223b733a383a22757365726e616d65223b733a343a22726f6f74223b733a383a226461746162617365223b733a343a226e69636b223b733a383a2270617373776f7264223b733a303a22223b733a343a22706f7274223b733a343a2233333036223b7d733a343a22726f6f74223b613a323a7b733a363a22666f6c646572223b733a33373a22443a5c58616d70705c6874646f63735c6e69636b2d7468652d686561646c6573732d636d73223b733a333a2275726c223b733a34323a22687474703a2f2f6c6f63616c686f73742f6e69636b2d7468652d686561646c6573732d636d732f776562223b7d733a363a22636f6e666967223b613a313a7b733a363a22666f6c646572223b733a34343a22443a5c58616d70705c6874646f63735c6e69636b2d7468652d686561646c6573732d636d732f636f6e666967223b7d733a363a227468656d6573223b613a313a7b733a363a22666f6c646572223b733a34383a22443a5c58616d70705c6874646f63735c6e69636b2d7468652d686561646c6573732d636d732f7765622f7468656d6573223b7d733a31343a22747769675f646562756767696e67223b623a313b7d7d733a343a2274797065223b733a323a222d3e223b733a343a2261726773223b613a343a7b693a303b613a333a7b733a333a226b6579223b733a31353a22706167652e657874656e73696f6e73223b733a373a22636f6e74657874223b733a343a2270616765223b733a373a226d61782d616765223b693a303b7d693a313b733a33393a225c4e69636b5c457874656e73696f6e4d616e616765725c50616765735c457874656e73696f6e73223b693a323b733a363a2272656e646572223b693a333b613a313a7b693a303b613a343a7b733a313a2270223b733a31303a22657874656e73696f6e73223b733a313a2274223b733a373a22696e7374616c6c223b733a323a226964223b733a31303a22546573744576656e7473223b733a373a22636f6e6669726d223b733a303a22223b7d7d7d7d693a343b613a373a7b733a343a2266696c65223b733a35353a22443a5c58616d70705c6874646f63735c6e69636b2d7468652d686561646c6573732d636d735c7765625c636f72655c4e69636b2e706870223b733a343a226c696e65223b693a3230343b733a383a2266756e6374696f6e223b733a31333a226765745061676552656e646572223b733a353a22636c617373223b733a32313a224e69636b5c506167655c506167654d616e61676572223b733a363a226f626a656374223b4f3a32313a224e69636b5c506167655c506167654d616e61676572223a303a7b7d733a343a2274797065223b733a323a222d3e223b733a343a2261726773223b613a323a7b693a303b733a31303a22657874656e73696f6e73223b693a313b613a343a7b733a313a2270223b733a31303a22657874656e73696f6e73223b733a313a2274223b733a373a22696e7374616c6c223b733a323a226964223b733a31303a22546573744576656e7473223b733a373a22636f6e6669726d223b733a303a22223b7d7d7d693a353b613a363a7b733a343a2266696c65223b733a35313a22443a5c58616d70705c6874646f63735c6e69636b2d7468652d686561646c6573732d636d735c7765625c696e6465782e706870223b733a343a226c696e65223b693a32313b733a383a2266756e6374696f6e223b733a393a22426f6f747374726170223b733a353a22636c617373223b733a343a224e69636b223b733a343a2274797065223b733a323a223a3a223b733a343a2261726773223b613a303a7b7d7d7d, 'Extensions', 'Installed extension TestEvents', 1),
(2, '4', '/nick-the-headless-cms/web/?p=extensions&t=uninstall&id=TestEvents&confirm', 0, 0x613a363a7b693a303b613a373a7b733a343a2266696c65223b733a39353a22443a5c58616d70705c6874646f63735c6e69636b2d7468652d686561646c6573732d636d735c7765625c636f72655c636f6d706f6e656e74735c457874656e73696f6e4d616e616765725c457874656e73696f6e4d616e616765722e706870223b733a343a226c696e65223b693a35393b733a383a2266756e6374696f6e223b733a333a22616464223b733a353a22636c617373223b733a31313a224e69636b5c4c6f67676572223b733a363a226f626a656374223b4f3a31313a224e69636b5c4c6f67676572223a323a7b733a31313a22002a006461746162617365223b4f3a32323a224e69636b5c44617461626173655c4461746162617365223a31353a7b733a353a22002a006462223b733a343a226e69636b223b733a31313a22002a006461746162617365223b4f3a363a226d7973716c69223a31383a7b733a31333a2261666665637465645f726f7773223b4e3b733a31313a22636c69656e745f696e666f223b4e3b733a31343a22636c69656e745f76657273696f6e223b4e3b733a31333a22636f6e6e6563745f6572726e6f223b4e3b733a31333a22636f6e6e6563745f6572726f72223b4e3b733a353a226572726e6f223b4e3b733a353a226572726f72223b4e3b733a31303a226572726f725f6c697374223b4e3b733a31313a226669656c645f636f756e74223b4e3b733a393a22686f73745f696e666f223b4e3b733a343a22696e666f223b4e3b733a393a22696e736572745f6964223b4e3b733a31313a227365727665725f696e666f223b4e3b733a31343a227365727665725f76657273696f6e223b4e3b733a383a2273716c7374617465223b4e3b733a31363a2270726f746f636f6c5f76657273696f6e223b4e3b733a393a227468726561645f6964223b4e3b733a31333a227761726e696e675f636f756e74223b4e3b7d733a393a22002a00726573756c74223b4e3b733a383a22002a007175657279223b613a323a7b733a383a227573655175657279223b623a303b733a353a227175657279223b613a303a7b7d7d733a393a22002a006d6574686f64223b733a303a22223b733a393a22002a007461626c6573223b613a303a7b7d733a393a22002a006669656c6473223b613a303a7b7d733a393a22002a0076616c756573223b613a303a7b7d733a383a22002a006a6f696e73223b613a323a7b733a383a2269734a6f696e6564223b623a303b733a343a226a6f696e223b613a303a7b7d7d733a31303a22002a006f726465726279223b613a303a7b7d733a383a22002a006c696d6974223b4e3b733a31333a22002a00636f6e646974696f6e73223b613a303a7b7d733a32323a22002a00636f6e646974696f6e5f64656c696d69746572223b733a333a22414e44223b733a31323a22002a007573655f6361636865223b623a303b733a31313a22002a0073657474696e6773223b613a353a7b733a383a226461746162617365223b613a363a7b733a343a2274797065223b733a353a226d7973716c223b733a383a22686f73746e616d65223b733a393a226c6f63616c686f7374223b733a383a22757365726e616d65223b733a343a22726f6f74223b733a383a226461746162617365223b733a343a226e69636b223b733a383a2270617373776f7264223b733a303a22223b733a343a22706f7274223b733a343a2233333036223b7d733a343a22726f6f74223b613a323a7b733a363a22666f6c646572223b733a33373a22443a5c58616d70705c6874646f63735c6e69636b2d7468652d686561646c6573732d636d73223b733a333a2275726c223b733a34323a22687474703a2f2f6c6f63616c686f73742f6e69636b2d7468652d686561646c6573732d636d732f776562223b7d733a363a22636f6e666967223b613a313a7b733a363a22666f6c646572223b733a34343a22443a5c58616d70705c6874646f63735c6e69636b2d7468652d686561646c6573732d636d732f636f6e666967223b7d733a363a227468656d6573223b613a313a7b733a363a22666f6c646572223b733a34383a22443a5c58616d70705c6874646f63735c6e69636b2d7468652d686561646c6573732d636d732f7765622f7468656d6573223b7d733a31343a22747769675f646562756767696e67223b623a313b7d7d733a31313a22002a0072656e6465726572223b4f3a31333a224e69636b5c52656e6465726572223a333a7b733a373a22002a0074797065223b4e3b733a31353a22002a007468656d655f666f6c646572223b733a35373a22443a5c58616d70705c6874646f63735c6e69636b2d7468652d686561646c6573732d636d732f7765622f7468656d65732f64656661756c742f223b733a31313a22002a0073657474696e6773223b613a353a7b733a383a226461746162617365223b613a363a7b733a343a2274797065223b733a353a226d7973716c223b733a383a22686f73746e616d65223b733a393a226c6f63616c686f7374223b733a383a22757365726e616d65223b733a343a22726f6f74223b733a383a226461746162617365223b733a343a226e69636b223b733a383a2270617373776f7264223b733a303a22223b733a343a22706f7274223b733a343a2233333036223b7d733a343a22726f6f74223b613a323a7b733a363a22666f6c646572223b733a33373a22443a5c58616d70705c6874646f63735c6e69636b2d7468652d686561646c6573732d636d73223b733a333a2275726c223b733a34323a22687474703a2f2f6c6f63616c686f73742f6e69636b2d7468652d686561646c6573732d636d732f776562223b7d733a363a22636f6e666967223b613a313a7b733a363a22666f6c646572223b733a34343a22443a5c58616d70705c6874646f63735c6e69636b2d7468652d686561646c6573732d636d732f636f6e666967223b7d733a363a227468656d6573223b613a313a7b733a363a22666f6c646572223b733a34383a22443a5c58616d70705c6874646f63735c6e69636b2d7468652d686561646c6573732d636d732f7765622f7468656d6573223b7d733a31343a22747769675f646562756767696e67223b623a313b7d7d7d733a343a2274797065223b733a323a222d3e223b733a343a2261726773223b613a333a7b693a303b733a33323a22556e696e7374616c6c656420657874656e73696f6e20546573744576656e7473223b693a313b693a343b693a323b733a31303a22457874656e73696f6e73223b7d7d693a313b613a363a7b733a343a2266696c65223b733a39353a22443a5c58616d70705c6874646f63735c6e69636b2d7468652d686561646c6573732d636d735c7765625c636f72655c636f6d706f6e656e74735c457874656e73696f6e4d616e616765725c50616765735c457874656e73696f6e732e706870223b733a343a226c696e65223b693a37343b733a383a2266756e6374696f6e223b733a31383a22756e696e7374616c6c457874656e73696f6e223b733a353a22636c617373223b733a33383a224e69636b5c457874656e73696f6e4d616e616765725c457874656e73696f6e4d616e61676572223b733a343a2274797065223b733a323a223a3a223b733a343a2261726773223b613a313a7b693a303b733a31303a22546573744576656e7473223b7d7d693a323b613a373a7b733a343a2266696c65223b733a37333a22443a5c58616d70705c6874646f63735c6e69636b2d7468652d686561646c6573732d636d735c7765625c636f72655c636f6d706f6e656e74735c43616368655c43616368652e706870223b733a343a226c696e65223b693a38393b733a383a2266756e6374696f6e223b733a363a2272656e646572223b733a353a22636c617373223b733a33383a224e69636b5c457874656e73696f6e4d616e616765725c50616765735c457874656e73696f6e73223b733a363a226f626a656374223b4f3a33383a224e69636b5c457874656e73696f6e4d616e616765725c50616765735c457874656e73696f6e73223a323a7b733a31303a22002a0063616368696e67223b613a333a7b733a333a226b6579223b733a31353a22706167652e657874656e73696f6e73223b733a373a22636f6e74657874223b733a343a2270616765223b733a373a226d61782d616765223b693a303b7d733a31333a22002a00706172616d6574657273223b613a333a7b733a323a226964223b733a31303a22657874656e73696f6e73223b733a353a227469746c65223b733a31303a22457874656e73696f6e73223b733a373a2273756d6d617279223b733a33313a2257656c636f6d6520746f20796f7572204e69636b2044617368626f61726421223b7d7d733a343a2274797065223b733a323a222d3e223b733a343a2261726773223b613a313a7b693a303b613a343a7b733a313a2270223b733a31303a22657874656e73696f6e73223b733a313a2274223b733a393a22756e696e7374616c6c223b733a323a226964223b733a31303a22546573744576656e7473223b733a373a22636f6e6669726d223b733a303a22223b7d7d7d693a333b613a373a7b733a343a2266696c65223b733a37383a22443a5c58616d70705c6874646f63735c6e69636b2d7468652d686561646c6573732d636d735c7765625c636f72655c636f6d706f6e656e74735c506167655c506167654d616e616765722e706870223b733a343a226c696e65223b693a34393b733a383a2266756e6374696f6e223b733a31343a22676574436f6e74656e7444617461223b733a353a22636c617373223b733a31363a224e69636b5c43616368655c4361636865223b733a363a226f626a656374223b4f3a31363a224e69636b5c43616368655c4361636865223a333a7b733a31363a22002a00636163686561626c6544617461223b613a31323a7b733a31323a224e49434b5f56455253494f4e223b733a313a2230223b733a32303a224e49434b5f56455253494f4e5f52454c45415345223b733a313a2239223b733a32363a224e49434b5f56455253494f4e5f52454c454153455f4d494e4f52223b733a313a2233223b733a31393a224e49434b5f56455253494f4e5f535441545553223b733a343a2262657461223b733a31373a22657874656e73696f6e2e6d616e61676572223b4f3a33383a224e69636b5c457874656e73696f6e4d616e616765725c457874656e73696f6e4d616e61676572223a303a7b7d733a31303a22636f6e6e656374696f6e223b723a31303b733a383a226461746162617365223b723a383b733a353a227468656d65223b4f3a31303a224e69636b5c5468656d65223a313a7b733a31313a22002a0073657474696e6773223b613a353a7b733a383a226461746162617365223b613a363a7b733a343a2274797065223b733a353a226d7973716c223b733a383a22686f73746e616d65223b733a393a226c6f63616c686f7374223b733a383a22757365726e616d65223b733a343a22726f6f74223b733a383a226461746162617365223b733a343a226e69636b223b733a383a2270617373776f7264223b733a303a22223b733a343a22706f7274223b733a343a2233333036223b7d733a343a22726f6f74223b613a323a7b733a363a22666f6c646572223b733a33373a22443a5c58616d70705c6874646f63735c6e69636b2d7468652d686561646c6573732d636d73223b733a333a2275726c223b733a34323a22687474703a2f2f6c6f63616c686f73742f6e69636b2d7468652d686561646c6573732d636d732f776562223b7d733a363a22636f6e666967223b613a313a7b733a363a22666f6c646572223b733a34343a22443a5c58616d70705c6874646f63735c6e69636b2d7468652d686561646c6573732d636d732f636f6e666967223b7d733a363a227468656d6573223b613a313a7b733a363a22666f6c646572223b733a34383a22443a5c58616d70705c6874646f63735c6e69636b2d7468652d686561646c6573732d636d732f7765622f7468656d6573223b7d733a31343a22747769675f646562756767696e67223b623a313b7d7d733a363a22636f6e666967223b4f3a31313a224e69636b5c436f6e666967223a313a7b733a31313a22002a0073657474696e6773223b613a353a7b733a383a226461746162617365223b613a363a7b733a343a2274797065223b733a353a226d7973716c223b733a383a22686f73746e616d65223b733a393a226c6f63616c686f7374223b733a383a22757365726e616d65223b733a343a22726f6f74223b733a383a226461746162617365223b733a343a226e69636b223b733a383a2270617373776f7264223b733a303a22223b733a343a22706f7274223b733a343a2233333036223b7d733a343a22726f6f74223b613a323a7b733a363a22666f6c646572223b733a33373a22443a5c58616d70705c6874646f63735c6e69636b2d7468652d686561646c6573732d636d73223b733a333a2275726c223b733a34323a22687474703a2f2f6c6f63616c686f73742f6e69636b2d7468652d686561646c6573732d636d732f776562223b7d733a363a22636f6e666967223b613a313a7b733a363a22666f6c646572223b733a34343a22443a5c58616d70705c6874646f63735c6e69636b2d7468652d686561646c6573732d636d732f636f6e666967223b7d733a363a227468656d6573223b613a313a7b733a363a22666f6c646572223b733a34383a22443a5c58616d70705c6874646f63735c6e69636b2d7468652d686561646c6573732d636d732f7765622f7468656d6573223b7d733a31343a22747769675f646562756767696e67223b623a313b7d7d733a31363a226c616e67756167652e6d616e61676572223b4f3a32393a224e69636b5c4c616e67756167655c4c616e67756167654d616e61676572223a323a7b733a31383a22002a0064656661756c744c616e67636f6465223b733a323a22656e223b733a31383a22002a0063757272656e744c616e67636f6465223b733a323a22656e223b7d733a31313a227472616e736c6174696f6e223b4f3a32383a224e69636b5c5472616e736c6174696f6e5c5472616e736c6174696f6e223a313a7b733a31383a22002a006c616e67756167654d616e61676572223b723a3136323b7d733a363a226c6f67676572223b723a373b7d733a31333a22002a0063616368655374617473223b613a31333a7b733a31373a22657874656e73696f6e2e6d616e61676572223b613a323a7b733a373a2263726561746564223b693a313b733a363a2263616c6c6564223b693a39303b7d733a383a226461746162617365223b613a323a7b733a373a2263726561746564223b693a313b733a363a2263616c6c6564223b693a3132363b7d733a31303a22636f6e6e656374696f6e223b613a323a7b733a373a2263726561746564223b693a313b733a363a2263616c6c6564223b693a3132353b7d733a353a227468656d65223b613a323a7b733a373a2263726561746564223b693a313b733a363a2263616c6c6564223b693a343b7d733a363a22636f6e666967223b613a323a7b733a373a2263726561746564223b693a313b733a363a2263616c6c6564223b693a33363b7d733a31313a227472616e736c6174696f6e223b613a323a7b733a373a2263726561746564223b693a313b733a363a2263616c6c6564223b693a363b7d733a31363a226c616e67756167652e6d616e61676572223b613a323a7b733a373a2263726561746564223b693a313b733a363a2263616c6c6564223b693a313b7d733a31323a224e49434b5f56455253494f4e223b613a323a7b733a373a2263726561746564223b693a303b733a363a2263616c6c6564223b693a313b7d733a32303a224e49434b5f56455253494f4e5f52454c45415345223b613a323a7b733a373a2263726561746564223b693a303b733a363a2263616c6c6564223b693a313b7d733a32363a224e49434b5f56455253494f4e5f52454c454153455f4d494e4f52223b613a323a7b733a373a2263726561746564223b693a303b733a363a2263616c6c6564223b693a313b7d733a31393a224e49434b5f56455253494f4e5f535441545553223b613a323a7b733a373a2263726561746564223b693a303b733a363a2263616c6c6564223b693a313b7d733a373a22636f6e74656e74223b613a313a7b733a31313a22706167652e686561646572223b613a323a7b733a373a2263726561746564223b693a313b733a363a2263616c6c6564223b693a313b7d7d733a363a226c6f67676572223b613a323a7b733a373a2263726561746564223b693a313b733a363a2263616c6c6564223b693a323b7d7d733a31313a22002a0073657474696e6773223b613a353a7b733a383a226461746162617365223b613a363a7b733a343a2274797065223b733a353a226d7973716c223b733a383a22686f73746e616d65223b733a393a226c6f63616c686f7374223b733a383a22757365726e616d65223b733a343a22726f6f74223b733a383a226461746162617365223b733a343a226e69636b223b733a383a2270617373776f7264223b733a303a22223b733a343a22706f7274223b733a343a2233333036223b7d733a343a22726f6f74223b613a323a7b733a363a22666f6c646572223b733a33373a22443a5c58616d70705c6874646f63735c6e69636b2d7468652d686561646c6573732d636d73223b733a333a2275726c223b733a34323a22687474703a2f2f6c6f63616c686f73742f6e69636b2d7468652d686561646c6573732d636d732f776562223b7d733a363a22636f6e666967223b613a313a7b733a363a22666f6c646572223b733a34343a22443a5c58616d70705c6874646f63735c6e69636b2d7468652d686561646c6573732d636d732f636f6e666967223b7d733a363a227468656d6573223b613a313a7b733a363a22666f6c646572223b733a34383a22443a5c58616d70705c6874646f63735c6e69636b2d7468652d686561646c6573732d636d732f7765622f7468656d6573223b7d733a31343a22747769675f646562756767696e67223b623a313b7d7d733a343a2274797065223b733a323a222d3e223b733a343a2261726773223b613a343a7b693a303b613a333a7b733a333a226b6579223b733a31353a22706167652e657874656e73696f6e73223b733a373a22636f6e74657874223b733a343a2270616765223b733a373a226d61782d616765223b693a303b7d693a313b733a33393a225c4e69636b5c457874656e73696f6e4d616e616765725c50616765735c457874656e73696f6e73223b693a323b733a363a2272656e646572223b693a333b613a313a7b693a303b613a343a7b733a313a2270223b733a31303a22657874656e73696f6e73223b733a313a2274223b733a393a22756e696e7374616c6c223b733a323a226964223b733a31303a22546573744576656e7473223b733a373a22636f6e6669726d223b733a303a22223b7d7d7d7d693a343b613a373a7b733a343a2266696c65223b733a35353a22443a5c58616d70705c6874646f63735c6e69636b2d7468652d686561646c6573732d636d735c7765625c636f72655c4e69636b2e706870223b733a343a226c696e65223b693a3230343b733a383a2266756e6374696f6e223b733a31333a226765745061676552656e646572223b733a353a22636c617373223b733a32313a224e69636b5c506167655c506167654d616e61676572223b733a363a226f626a656374223b4f3a32313a224e69636b5c506167655c506167654d616e61676572223a303a7b7d733a343a2274797065223b733a323a222d3e223b733a343a2261726773223b613a323a7b693a303b733a31303a22657874656e73696f6e73223b693a313b613a343a7b733a313a2270223b733a31303a22657874656e73696f6e73223b733a313a2274223b733a393a22756e696e7374616c6c223b733a323a226964223b733a31303a22546573744576656e7473223b733a373a22636f6e6669726d223b733a303a22223b7d7d7d693a353b613a363a7b733a343a2266696c65223b733a35313a22443a5c58616d70705c6874646f63735c6e69636b2d7468652d686561646c6573732d636d735c7765625c696e6465782e706870223b733a343a226c696e65223b693a32313b733a383a2266756e6374696f6e223b733a393a22426f6f747374726170223b733a353a22636c617373223b733a343a224e69636b223b733a343a2274797065223b733a323a223a3a223b733a343a2261726773223b613a303a7b7d7d7d, 'Extensions', 'Uninstalled extension TestEvents', 1);

-- --------------------------------------------------------

--
-- Table structure for table `matter`
--

CREATE TABLE `matter` (
  `id` int(255) NOT NULL,
  `type` varchar(255) NOT NULL
) ENGINE=InnoDB DEFAULT CHARSET=utf8;

--
-- Dumping data for table `matter`
--

INSERT INTO `matter` (`id`, `type`) VALUES
(0, 'person'),
(1, 'person'),
(3, 'menu'),
(4, 'menu'),
(5, 'menu'),
(6, 'menu'),
(7, 'menu'),
(8, 'menu'),
(9, 'menu'),
(10, 'menu');

-- --------------------------------------------------------

--
-- Table structure for table `matter_storage`
--

CREATE TABLE `matter_storage` (
  `type` varchar(255) NOT NULL,
  `label` varchar(255) NOT NULL,
  `description` text NOT NULL,
  `fields` blob NOT NULL
) ENGINE=InnoDB DEFAULT CHARSET=utf8;

--
-- Dumping data for table `matter_storage`
--

INSERT INTO `matter_storage` (`type`, `label`, `description`, `fields`) VALUES
('file', 'File', 'This item creates the File matter.', 0x613a323a7b733a383a2266696c6574797065223b613a343a7b733a343a2274797065223b733a373a2276617263686172223b733a363a226c656e677468223b693a3235353b733a31333a2264656661756c745f76616c7565223b733a343a2266696c65223b733a343a22666f726d223b613a343a7b733a343a2274797065223b733a363a2273656c656374223b733a343a226e616d65223b733a393a2266696c655f74797065223b733a353a226c6162656c223b733a343a2254797065223b733a373a226f7074696f6e73223b613a333a7b733a343a2266696c65223b733a343a2246696c65223b733a353a22696d616765223b733a353a22496d616765223b733a353a22766964656f223b733a353a22566964656f223b7d7d7d733a383a226c6f636174696f6e223b613a333a7b733a343a2274797065223b733a373a2276617263686172223b733a363a226c656e677468223b693a3235353b733a343a22666f726d223b613a333a7b733a343a2274797065223b733a343a2266696c65223b733a343a226e616d65223b733a31333a2266696c655f6c6f636174696f6e223b733a353a226c6162656c223b733a383a224c6f636174696f6e223b7d7d7d),
('menu', 'Menu', 'This item creates the Menu matter.', 0x613a333a7b733a353a227469746c65223b613a333a7b733a343a2274797065223b733a373a2276617263686172223b733a363a226c656e677468223b693a3235353b733a343a22666f726d223b613a343a7b733a343a2274797065223b733a373a2274657874626f78223b733a353a227469746c65223b733a353a225469746c65223b733a31303a2261747472696275746573223b613a313a7b733a343a226e616d65223b733a353a227469746c65223b7d733a383a227265717569726564223b623a313b7d7d733a31313a226465736372697074696f6e223b613a323a7b733a343a2274797065223b733a343a2274657874223b733a343a22666f726d223b613a343a7b733a343a2274797065223b733a373a2274657874626f78223b733a353a227469746c65223b733a31313a224465736372697074696f6e223b733a31303a2261747472696275746573223b613a313a7b733a343a226e616d65223b733a31313a226465736372697074696f6e223b7d733a383a227265717569726564223b623a303b7d7d733a353a22726f757465223b613a323a7b733a343a2274797065223b733a343a2274657874223b733a343a22666f726d223b613a343a7b733a343a2274797065223b733a373a2274657874626f78223b733a353a227469746c65223b733a353a22526f757465223b733a31303a2261747472696275746573223b613a313a7b733a343a226e616d65223b733a353a22726f757465223b7d733a383a227265717569726564223b623a313b7d7d7d),
('person', 'Person', 'This item creates the Person matter.', 0x613a323a7b733a343a226e616d65223b613a343a7b733a343a2274797065223b733a373a2276617263686172223b733a363a226c656e677468223b693a3235353b733a363a22756e69717565223b623a313b733a343a22666f726d223b613a323a7b733a343a2274797065223b733a373a2274657874626f78223b733a31303a2261747472696275746573223b613a313a7b733a343a2274797065223b733a383a22757365726e616d65223b7d7d7d733a383a2270617373776f7264223b613a333a7b733a343a2274797065223b733a373a2276617263686172223b733a363a226c656e677468223b733a333a22323535223b733a343a22666f726d223b613a323a7b733a343a2274797065223b733a373a2274657874626f78223b733a31303a2261747472696275746573223b613a313a7b733a343a2274797065223b733a383a2270617373776f7264223b7d7d7d7d);

-- --------------------------------------------------------

--
-- Table structure for table `matter__file`
--

CREATE TABLE `matter__file` (
  `id` int(25) NOT NULL,
  `owner` int(25) NOT NULL DEFAULT 0,
  `status` tinyint(1) NOT NULL DEFAULT 0,
  `filetype` varchar(255) NOT NULL DEFAULT 'file',
  `location` varchar(255) NOT NULL
) ENGINE=InnoDB DEFAULT CHARSET=utf8;

-- --------------------------------------------------------

--
-- Table structure for table `matter__menu`
--

CREATE TABLE `matter__menu` (
  `id` int(25) NOT NULL,
  `owner` int(25) NOT NULL DEFAULT 0,
  `status` tinyint(1) NOT NULL DEFAULT 0,
  `structure` int(25) NOT NULL,
  `title` varchar(255) NOT NULL,
  `description` text NOT NULL,
  `route` text NOT NULL,
  `translatable` tinyint(1) NOT NULL,
  `type` varchar(50) NOT NULL,
  `parent` int(255) NOT NULL
) ENGINE=InnoDB DEFAULT CHARSET=utf8;

--
-- Dumping data for table `matter__menu`
--

INSERT INTO `matter__menu` (`id`, `owner`, `status`, `structure`, `title`, `description`, `route`, `translatable`, `type`, `parent`) VALUES
(3, 1, 1, 0, 'Dashboard', 'Takes you to the dashboard of your Nick website.', 'dashboard', 1, 'link', 0),
(4, 1, 1, 2, 'Configuration', '', 'config', 1, 'dropdown', 0),
(5, 1, 1, 21, 'Site settings', '', 'config.site', 1, 'link', 4),
(6, 1, 1, 22, 'Appearance', '', 'config.appearance', 1, 'link', 4),
(7, 1, 1, 4, 'Extensions', '', 'extensions', 1, 'link', 0),
(8, 1, 1, 5, 'Logs', '', 'logs', 1, 'link', 0),
(9, 1, 1, 1, 'Divider', 'Divider between Dashboard and Configuration', '', 0, 'divider', 0),
(10, 1, 1, 3, 'Divider', 'Divider between Configuration and Extensions', '', 0, 'divider', 0);

-- --------------------------------------------------------

--
-- Table structure for table `matter__person`
--

CREATE TABLE `matter__person` (
  `id` int(25) NOT NULL,
  `owner` int(25) NOT NULL DEFAULT 0,
  `status` tinyint(1) NOT NULL DEFAULT 0,
  `name` varchar(255) NOT NULL,
  `password` varchar(255) NOT NULL
) ENGINE=InnoDB DEFAULT CHARSET=utf8;

--
-- Dumping data for table `matter__person`
--

INSERT INTO `matter__person` (`id`, `owner`, `status`, `name`, `password`) VALUES
(0, 0, 1, 'Anonymous', ''),
(1, 0, 1, 'Randy', '$2y$10$vw4KCNOucAF4bjcTsrnIZO7/KAtWBHj9bMKGy4U4riVvOyZ9dLi4e');

-- --------------------------------------------------------

--
-- Table structure for table `pages`
--

CREATE TABLE `pages` (
  `id` varchar(255) NOT NULL,
  `controller` varchar(255) NOT NULL
) ENGINE=InnoDB DEFAULT CHARSET=utf8;

--
-- Dumping data for table `pages`
--

INSERT INTO `pages` (`id`, `controller`) VALUES
('cache', '\\Nick\\Cache\\Pages\\Cache'),
('config', '\\Nick\\Page\\Pages\\Config'),
('dashboard', '\\Nick\\Page\\Pages\\Dashboard'),
('dummycontent', '\\Nick\\DummyContent\\DummyContent'),
('error', '\\Nick\\Page\\Pages\\Error'),
('extensions', '\\Nick\\ExtensionManager\\Pages\\Extensions'),
('footer', '\\Nick\\Page\\Pages\\Footer'),
('header', '\\Nick\\Page\\Pages\\Header'),
('login', '\\Nick\\Page\\Pages\\Login'),
('logs', '\\Nick\\Page\\Pages\\Logs');

-- --------------------------------------------------------

--
-- Table structure for table `translations`
--

CREATE TABLE `translations` (
  `id` int(255) NOT NULL,
  `string` text NOT NULL,
  `translation` text NOT NULL,
  `from_langcode` varchar(10) NOT NULL,
  `to_langcode` varchar(10) NOT NULL
) ENGINE=InnoDB DEFAULT CHARSET=utf8;

--
-- Indexes for dumped tables
--

--
-- Indexes for table `cache_content`
--
ALTER TABLE `cache_content`
  ADD UNIQUE KEY `field` (`field`);

--
-- Indexes for table `config`
--
ALTER TABLE `config`
  ADD UNIQUE KEY `key` (`field`);

--
-- Indexes for table `extensions`
--
ALTER TABLE `extensions`
  ADD UNIQUE KEY `name` (`name`);

--
-- Indexes for table `languages`
--
ALTER TABLE `languages`
  ADD PRIMARY KEY (`id`);

--
-- Indexes for table `logs`
--
ALTER TABLE `logs`
  ADD PRIMARY KEY (`id`);

--
-- Indexes for table `matter`
--
ALTER TABLE `matter`
  ADD PRIMARY KEY (`id`);

--
-- Indexes for table `matter_storage`
--
ALTER TABLE `matter_storage`
  ADD PRIMARY KEY (`type`);

--
-- Indexes for table `matter__file`
--
ALTER TABLE `matter__file`
  ADD UNIQUE KEY `id` (`id`);

--
-- Indexes for table `matter__menu`
--
ALTER TABLE `matter__menu`
  ADD UNIQUE KEY `id` (`id`);

--
-- Indexes for table `matter__person`
--
ALTER TABLE `matter__person`
  ADD UNIQUE KEY `id` (`id`),
  ADD UNIQUE KEY `name` (`name`);

--
-- Indexes for table `pages`
--
ALTER TABLE `pages`
  ADD UNIQUE KEY `id` (`id`);

--
-- Indexes for table `translations`
--
ALTER TABLE `translations`
  ADD PRIMARY KEY (`id`);

--
-- AUTO_INCREMENT for dumped tables
--

--
-- AUTO_INCREMENT for table `languages`
--
ALTER TABLE `languages`
  MODIFY `id` int(255) NOT NULL AUTO_INCREMENT, AUTO_INCREMENT=3;

--
-- AUTO_INCREMENT for table `logs`
--
ALTER TABLE `logs`
  MODIFY `id` int(255) NOT NULL AUTO_INCREMENT, AUTO_INCREMENT=3;

--
-- AUTO_INCREMENT for table `matter`
--
ALTER TABLE `matter`
  MODIFY `id` int(255) NOT NULL AUTO_INCREMENT, AUTO_INCREMENT=11;

--
-- AUTO_INCREMENT for table `translations`
--
ALTER TABLE `translations`
  MODIFY `id` int(255) NOT NULL AUTO_INCREMENT;
COMMIT;
