-- phpMyAdmin SQL Dump
-- version 5.0.2
-- https://www.phpmyadmin.net/
--
-- Host: 127.0.0.1
-- Generation Time: Dec 06, 2020 at 05:34 PM
-- Server version: 10.4.11-MariaDB
-- PHP Version: 7.4.4

SET SQL_MODE = "NO_AUTO_VALUE_ON_ZERO";
START TRANSACTION;
SET time_zone = "+00:00";

--
-- Database: `nick`
--

-- --------------------------------------------------------

--
-- Table structure for table `cache_content`
--

CREATE TABLE `cache_content` (
                                 `field` varchar(255) NOT NULL,
                                 `value` blob NOT NULL,
                                 `tags` text NOT NULL,
                                 `context` varchar(255) NOT NULL,
                                 `maxage` int(10) NOT NULL,
                                 `created` int(10) NOT NULL
) ENGINE=InnoDB DEFAULT CHARSET=utf8;

--
-- Dumping data for table `cache_content`
--

INSERT INTO `cache_content` (`field`, `value`, `tags`, `context`, `maxage`, `created`) VALUES
('page.dashboard', 0x733a31333934333a22203c212d2d20506167652048656164696e67202d2d3e0a202020203c64697620636c6173733d22642d736d2d666c657820616c69676e2d6974656d732d63656e746572206a7573746966792d636f6e74656e742d6265747765656e206d622d34223e0a20202020202020203c683120636c6173733d226833206d622d3020746578742d677261792d383030223e44617368626f6172643c2f68313e0a20202020202020203c6120687265663d22232220636c6173733d22642d6e6f6e6520642d736d2d696e6c696e652d626c6f636b2062746e2062746e2d736d2062746e2d7072696d61727920736861646f772d736d223e3c6920636c6173733d226661732066612d646f776e6c6f61642066612d736d20746578742d77686974652d3530223e3c2f693e2047656e6572617465205265706f72743c2f613e0a202020203c2f6469763e0a202020203c212d2d20436f6e74656e7420526f77202d2d3e0a202020203c64697620636c6173733d22726f77223e0a20202020202020203c212d2d204561726e696e677320284d6f6e74686c79292043617264204578616d706c65202d2d3e0a20202020202020203c64697620636c6173733d22636f6c2d786c2d3320636f6c2d6d642d36206d622d34223e0a2020202020202020202020203c64697620636c6173733d226361726420626f726465722d6c6566742d7072696d61727920736861646f7720682d3130302070792d32223e0a202020202020202020202020202020203c64697620636c6173733d22636172642d626f6479223e0a20202020202020202020202020202020202020203c64697620636c6173733d22726f77206e6f2d6775747465727320616c69676e2d6974656d732d63656e746572223e0a2020202020202020202020202020202020202020202020203c64697620636c6173733d22636f6c206d722d32223e0a202020202020202020202020202020202020202020202020202020203c64697620636c6173733d22746578742d787320666f6e742d7765696768742d626f6c6420746578742d7072696d61727920746578742d757070657263617365206d622d31223e4e69636b2056657273696f6e3c2f6469763e0a202020202020202020202020202020202020202020202020202020203c64697620636c6173733d226835206d622d3020666f6e742d7765696768742d626f6c6420746578742d677261792d383030223e312e302e3020616c7068613c2f6469763e0a2020202020202020202020202020202020202020202020203c2f6469763e0a2020202020202020202020202020202020202020202020203c64697620636c6173733d22636f6c2d6175746f223e0a202020202020202020202020202020202020202020202020202020203c6920636c6173733d226661732066612d63616c656e6461722066612d327820746578742d677261792d333030223e3c2f693e0a2020202020202020202020202020202020202020202020203c2f6469763e0a20202020202020202020202020202020202020203c2f6469763e0a202020202020202020202020202020203c2f6469763e0a2020202020202020202020203c2f6469763e0a20202020202020203c2f6469763e0a20202020202020203c212d2d204561726e696e677320284d6f6e74686c79292043617264204578616d706c65202d2d3e0a20202020202020203c64697620636c6173733d22636f6c2d786c2d3320636f6c2d6d642d36206d622d34223e0a2020202020202020202020203c64697620636c6173733d226361726420626f726465722d6c6566742d7375636365737320736861646f7720682d3130302070792d32223e0a202020202020202020202020202020203c64697620636c6173733d22636172642d626f6479223e0a20202020202020202020202020202020202020203c64697620636c6173733d22726f77206e6f2d6775747465727320616c69676e2d6974656d732d63656e746572223e0a2020202020202020202020202020202020202020202020203c64697620636c6173733d22636f6c206d722d32223e0a202020202020202020202020202020202020202020202020202020203c64697620636c6173733d22746578742d787320666f6e742d7765696768742d626f6c6420746578742d7375636365737320746578742d757070657263617365206d622d31223e496e7374616c6c656420657874656e73696f6e733c2f6469763e0a202020202020202020202020202020202020202020202020202020203c64697620636c6173733d226835206d622d3020666f6e742d7765696768742d626f6c6420746578742d677261792d383030223e32313c2f6469763e0a2020202020202020202020202020202020202020202020203c2f6469763e0a2020202020202020202020202020202020202020202020203c64697620636c6173733d22636f6c2d6175746f223e0a202020202020202020202020202020202020202020202020202020203c6920636c6173733d226661732066612d646f6c6c61722d7369676e2066612d327820746578742d677261792d333030223e3c2f693e0a2020202020202020202020202020202020202020202020203c2f6469763e0a20202020202020202020202020202020202020203c2f6469763e0a202020202020202020202020202020203c2f6469763e0a2020202020202020202020203c2f6469763e0a20202020202020203c2f6469763e0a20202020202020203c212d2d2050656e64696e672052657175657374732043617264204578616d706c65202d2d3e0a20202020202020203c64697620636c6173733d22636f6c2d786c2d3320636f6c2d6d642d36206d622d34223e0a2020202020202020202020203c64697620636c6173733d226361726420626f726465722d6c6566742d7761726e696e6720736861646f7720682d3130302070792d32223e0a202020202020202020202020202020203c64697620636c6173733d22636172642d626f6479223e0a20202020202020202020202020202020202020203c64697620636c6173733d22726f77206e6f2d6775747465727320616c69676e2d6974656d732d63656e746572223e0a2020202020202020202020202020202020202020202020203c64697620636c6173733d22636f6c206d722d32223e0a202020202020202020202020202020202020202020202020202020203c64697620636c6173733d22746578742d787320666f6e742d7765696768742d626f6c6420746578742d7761726e696e6720746578742d757070657263617365206d622d31223e557064617465733c2f6469763e0a202020202020202020202020202020202020202020202020202020203c64697620636c6173733d226835206d622d3020666f6e742d7765696768742d626f6c6420746578742d677261792d383030223e31383c2f6469763e0a2020202020202020202020202020202020202020202020203c2f6469763e0a2020202020202020202020202020202020202020202020203c64697620636c6173733d22636f6c2d6175746f223e0a202020202020202020202020202020202020202020202020202020203c6920636c6173733d226661732066612d636f6d6d656e74732066612d327820746578742d677261792d333030223e3c2f693e0a2020202020202020202020202020202020202020202020203c2f6469763e0a20202020202020202020202020202020202020203c2f6469763e0a202020202020202020202020202020203c2f6469763e0a2020202020202020202020203c2f6469763e0a20202020202020203c2f6469763e0a20202020202020203c212d2d204561726e696e677320284d6f6e74686c79292043617264204578616d706c65202d2d3e0a20202020202020203c64697620636c6173733d22636f6c2d786c2d3320636f6c2d6d642d36206d622d34223e0a2020202020202020202020203c64697620636c6173733d226361726420626f726465722d6c6566742d696e666f20736861646f7720682d3130302070792d32223e0a202020202020202020202020202020203c64697620636c6173733d22636172642d626f6479223e0a20202020202020202020202020202020202020203c64697620636c6173733d22726f77206e6f2d6775747465727320616c69676e2d6974656d732d63656e746572223e0a2020202020202020202020202020202020202020202020203c64697620636c6173733d22636f6c206d722d32223e0a202020202020202020202020202020202020202020202020202020203c64697620636c6173733d22746578742d787320666f6e742d7765696768742d626f6c6420746578742d696e666f20746578742d757070657263617365206d622d31223e53697465206865616c74683c2f6469763e0a202020202020202020202020202020202020202020202020202020203c64697620636c6173733d22726f77206e6f2d6775747465727320616c69676e2d6974656d732d63656e746572223e0a20202020202020202020202020202020202020202020202020202020202020203c64697620636c6173733d22636f6c2d6175746f223e0a2020202020202020202020202020202020202020202020202020202020202020202020203c64697620636c6173733d226835206d622d30206d722d3320666f6e742d7765696768742d626f6c6420746578742d677261792d383030223e3530253c2f6469763e0a20202020202020202020202020202020202020202020202020202020202020203c2f6469763e0a20202020202020202020202020202020202020202020202020202020202020203c64697620636c6173733d22636f6c223e0a2020202020202020202020202020202020202020202020202020202020202020202020203c64697620636c6173733d2270726f67726573732070726f67726573732d736d206d722d32223e0a202020202020202020202020202020202020202020202020202020202020202020202020202020203c64697620636c6173733d2270726f67726573732d6261722062672d696e666f2220726f6c653d2270726f677265737362617222207374796c653d2277696474683a203530252220617269612d76616c75656e6f773d2235302220617269612d76616c75656d696e3d22302220617269612d76616c75656d61783d22313030223e3c2f6469763e0a2020202020202020202020202020202020202020202020202020202020202020202020203c2f6469763e0a20202020202020202020202020202020202020202020202020202020202020203c2f6469763e0a202020202020202020202020202020202020202020202020202020203c2f6469763e0a2020202020202020202020202020202020202020202020203c2f6469763e0a2020202020202020202020202020202020202020202020203c64697620636c6173733d22636f6c2d6175746f223e0a202020202020202020202020202020202020202020202020202020203c6920636c6173733d226661732066612d636c6970626f6172642d6c6973742066612d327820746578742d677261792d333030223e3c2f693e0a2020202020202020202020202020202020202020202020203c2f6469763e0a20202020202020202020202020202020202020203c2f6469763e0a202020202020202020202020202020203c2f6469763e0a2020202020202020202020203c2f6469763e0a20202020202020203c2f6469763e0a202020203c2f6469763e0a202020203c212d2d20436f6e74656e7420526f77202d2d3e0a202020203c64697620636c6173733d22726f77223e0a20202020202020203c212d2d2041726561204368617274202d2d3e0a20202020202020203c64697620636c6173733d22636f6c2d786c2d3820636f6c2d6c672d37223e0a2020202020202020202020203c64697620636c6173733d226361726420736861646f77206d622d34223e0a202020202020202020202020202020203c212d2d204361726420486561646572202d2044726f70646f776e202d2d3e0a202020202020202020202020202020203c64697620636c6173733d22636172642d6865616465722070792d3320642d666c657820666c65782d726f7720616c69676e2d6974656d732d63656e746572206a7573746966792d636f6e74656e742d6265747765656e223e0a20202020202020202020202020202020202020203c683620636c6173733d226d2d3020666f6e742d7765696768742d626f6c6420746578742d7072696d617279223e4561726e696e6773204f766572766965773c2f68363e0a20202020202020202020202020202020202020203c64697620636c6173733d2264726f70646f776e206e6f2d6172726f77223e0a2020202020202020202020202020202020202020202020203c6120636c6173733d2264726f70646f776e2d746f67676c652220687265663d22232220726f6c653d22627574746f6e222069643d2264726f70646f776e4d656e754c696e6b2220646174612d746f67676c653d2264726f70646f776e2220617269612d686173706f7075703d22747275652220617269612d657870616e6465643d2266616c7365223e0a202020202020202020202020202020202020202020202020202020203c6920636c6173733d226661732066612d656c6c69707369732d762066612d736d2066612d667720746578742d677261792d343030223e3c2f693e0a2020202020202020202020202020202020202020202020203c2f613e0a2020202020202020202020202020202020202020202020203c64697620636c6173733d2264726f70646f776e2d6d656e752064726f70646f776e2d6d656e752d726967687420736861646f7720616e696d617465642d2d666164652d696e2220617269612d6c6162656c6c656462793d2264726f70646f776e4d656e754c696e6b223e0a202020202020202020202020202020202020202020202020202020203c64697620636c6173733d2264726f70646f776e2d686561646572223e44726f70646f776e204865616465723a3c2f6469763e0a202020202020202020202020202020202020202020202020202020203c6120636c6173733d2264726f70646f776e2d6974656d2220687265663d2223223e416374696f6e3c2f613e0a202020202020202020202020202020202020202020202020202020203c6120636c6173733d2264726f70646f776e2d6974656d2220687265663d2223223e416e6f7468657220616374696f6e3c2f613e0a202020202020202020202020202020202020202020202020202020203c64697620636c6173733d2264726f70646f776e2d64697669646572223e3c2f6469763e0a202020202020202020202020202020202020202020202020202020203c6120636c6173733d2264726f70646f776e2d6974656d2220687265663d2223223e536f6d657468696e6720656c736520686572653c2f613e0a2020202020202020202020202020202020202020202020203c2f6469763e0a20202020202020202020202020202020202020203c2f6469763e0a202020202020202020202020202020203c2f6469763e0a202020202020202020202020202020203c212d2d204361726420426f6479202d2d3e0a202020202020202020202020202020203c64697620636c6173733d22636172642d626f6479223e0a20202020202020202020202020202020202020203c64697620636c6173733d2263686172742d61726561223e0a2020202020202020202020202020202020202020202020203c63616e7661732069643d226d79417265614368617274223e3c2f63616e7661733e0a20202020202020202020202020202020202020203c2f6469763e0a202020202020202020202020202020203c2f6469763e0a2020202020202020202020203c2f6469763e0a20202020202020203c2f6469763e0a20202020202020203c212d2d20506965204368617274202d2d3e0a20202020202020203c64697620636c6173733d22636f6c2d786c2d3420636f6c2d6c672d35223e0a2020202020202020202020203c64697620636c6173733d226361726420736861646f77206d622d34223e0a202020202020202020202020202020203c212d2d204361726420486561646572202d2044726f70646f776e202d2d3e0a202020202020202020202020202020203c64697620636c6173733d22636172642d6865616465722070792d3320642d666c657820666c65782d726f7720616c69676e2d6974656d732d63656e746572206a7573746966792d636f6e74656e742d6265747765656e223e0a20202020202020202020202020202020202020203c683620636c6173733d226d2d3020666f6e742d7765696768742d626f6c6420746578742d7072696d617279223e526576656e756520536f75726365733c2f68363e0a20202020202020202020202020202020202020203c64697620636c6173733d2264726f70646f776e206e6f2d6172726f77223e0a2020202020202020202020202020202020202020202020203c6120636c6173733d2264726f70646f776e2d746f67676c652220687265663d22232220726f6c653d22627574746f6e222069643d2264726f70646f776e4d656e754c696e6b2220646174612d746f67676c653d2264726f70646f776e2220617269612d686173706f7075703d22747275652220617269612d657870616e6465643d2266616c7365223e0a202020202020202020202020202020202020202020202020202020203c6920636c6173733d226661732066612d656c6c69707369732d762066612d736d2066612d667720746578742d677261792d343030223e3c2f693e0a2020202020202020202020202020202020202020202020203c2f613e0a2020202020202020202020202020202020202020202020203c64697620636c6173733d2264726f70646f776e2d6d656e752064726f70646f776e2d6d656e752d726967687420736861646f7720616e696d617465642d2d666164652d696e2220617269612d6c6162656c6c656462793d2264726f70646f776e4d656e754c696e6b223e0a202020202020202020202020202020202020202020202020202020203c64697620636c6173733d2264726f70646f776e2d686561646572223e44726f70646f776e204865616465723a3c2f6469763e0a202020202020202020202020202020202020202020202020202020203c6120636c6173733d2264726f70646f776e2d6974656d2220687265663d2223223e416374696f6e3c2f613e0a202020202020202020202020202020202020202020202020202020203c6120636c6173733d2264726f70646f776e2d6974656d2220687265663d2223223e416e6f7468657220616374696f6e3c2f613e0a202020202020202020202020202020202020202020202020202020203c64697620636c6173733d2264726f70646f776e2d64697669646572223e3c2f6469763e0a202020202020202020202020202020202020202020202020202020203c6120636c6173733d2264726f70646f776e2d6974656d2220687265663d2223223e536f6d657468696e6720656c736520686572653c2f613e0a2020202020202020202020202020202020202020202020203c2f6469763e0a20202020202020202020202020202020202020203c2f6469763e0a202020202020202020202020202020203c2f6469763e0a202020202020202020202020202020203c212d2d204361726420426f6479202d2d3e0a202020202020202020202020202020203c64697620636c6173733d22636172642d626f6479223e0a20202020202020202020202020202020202020203c64697620636c6173733d2263686172742d7069652070742d342070622d32223e0a2020202020202020202020202020202020202020202020203c63616e7661732069643d226d795069654368617274223e3c2f63616e7661733e0a20202020202020202020202020202020202020203c2f6469763e0a20202020202020202020202020202020202020203c64697620636c6173733d226d742d3420746578742d63656e74657220736d616c6c223e0a20202020202020202020202020202020202020203c7370616e20636c6173733d226d722d32223e0a202020202020202020202020202020202020202020203c6920636c6173733d226661732066612d636972636c6520746578742d7072696d617279223e3c2f693e204469726563740a20202020202020202020202020202020202020203c2f7370616e3e0a2020202020202020202020202020202020202020202020203c7370616e20636c6173733d226d722d32223e0a202020202020202020202020202020202020202020203c6920636c6173733d226661732066612d636972636c6520746578742d73756363657373223e3c2f693e20536f6369616c0a20202020202020202020202020202020202020203c2f7370616e3e0a2020202020202020202020202020202020202020202020203c7370616e20636c6173733d226d722d32223e0a202020202020202020202020202020202020202020203c6920636c6173733d226661732066612d636972636c6520746578742d696e666f223e3c2f693e20526566657272616c0a20202020202020202020202020202020202020203c2f7370616e3e0a20202020202020202020202020202020202020203c2f6469763e0a202020202020202020202020202020203c2f6469763e0a2020202020202020202020203c2f6469763e0a20202020202020203c2f6469763e0a202020203c2f6469763e0a202020203c212d2d20436f6e74656e7420526f77202d2d3e0a202020203c64697620636c6173733d22726f77223e0a20202020202020203c212d2d20436f6e74656e7420436f6c756d6e202d2d3e0a20202020202020203c64697620636c6173733d22636f6c2d6c672d36206d622d34223e0a2020202020202020202020203c212d2d2050726f6a6563742043617264204578616d706c65202d2d3e0a2020202020202020202020203c64697620636c6173733d226361726420736861646f77206d622d34223e0a202020202020202020202020202020203c64697620636c6173733d22636172642d6865616465722070792d33223e0a20202020202020202020202020202020202020203c683620636c6173733d226d2d3020666f6e742d7765696768742d626f6c6420746578742d7072696d617279223e50726f6a656374733c2f68363e0a202020202020202020202020202020203c2f6469763e0a202020202020202020202020202020203c64697620636c6173733d22636172642d626f6479223e0a20202020202020202020202020202020202020203c683420636c6173733d22736d616c6c20666f6e742d7765696768742d626f6c64223e536572766572204d6967726174696f6e203c7370616e20636c6173733d22666c6f61742d7269676874223e3230253c2f7370616e3e3c2f68343e0a20202020202020202020202020202020202020203c64697620636c6173733d2270726f6772657373206d622d34223e0a2020202020202020202020202020202020202020202020203c64697620636c6173733d2270726f67726573732d6261722062672d64616e6765722220726f6c653d2270726f677265737362617222207374796c653d2277696474683a203230252220617269612d76616c75656e6f773d2232302220617269612d76616c75656d696e3d22302220617269612d76616c75656d61783d22313030223e3c2f6469763e0a20202020202020202020202020202020202020203c2f6469763e0a20202020202020202020202020202020202020203c683420636c6173733d22736d616c6c20666f6e742d7765696768742d626f6c64223e53616c657320547261636b696e67203c7370616e20636c6173733d22666c6f61742d7269676874223e3430253c2f7370616e3e3c2f68343e0a20202020202020202020202020202020202020203c64697620636c6173733d2270726f6772657373206d622d34223e0a2020202020202020202020202020202020202020202020203c64697620636c6173733d2270726f67726573732d6261722062672d7761726e696e672220726f6c653d2270726f677265737362617222207374796c653d2277696474683a203430252220617269612d76616c75656e6f773d2234302220617269612d76616c75656d696e3d22302220617269612d76616c75656d61783d22313030223e3c2f6469763e0a20202020202020202020202020202020202020203c2f6469763e0a20202020202020202020202020202020202020203c683420636c6173733d22736d616c6c20666f6e742d7765696768742d626f6c64223e437573746f6d6572204461746162617365203c7370616e20636c6173733d22666c6f61742d7269676874223e3630253c2f7370616e3e3c2f68343e0a20202020202020202020202020202020202020203c64697620636c6173733d2270726f6772657373206d622d34223e0a2020202020202020202020202020202020202020202020203c64697620636c6173733d2270726f67726573732d6261722220726f6c653d2270726f677265737362617222207374796c653d2277696474683a203630252220617269612d76616c75656e6f773d2236302220617269612d76616c75656d696e3d22302220617269612d76616c75656d61783d22313030223e3c2f6469763e0a20202020202020202020202020202020202020203c2f6469763e0a20202020202020202020202020202020202020203c683420636c6173733d22736d616c6c20666f6e742d7765696768742d626f6c64223e5061796f75742044657461696c73203c7370616e20636c6173733d22666c6f61742d7269676874223e3830253c2f7370616e3e3c2f68343e0a20202020202020202020202020202020202020203c64697620636c6173733d2270726f6772657373206d622d34223e0a2020202020202020202020202020202020202020202020203c64697620636c6173733d2270726f67726573732d6261722062672d696e666f2220726f6c653d2270726f677265737362617222207374796c653d2277696474683a203830252220617269612d76616c75656e6f773d2238302220617269612d76616c75656d696e3d22302220617269612d76616c75656d61783d22313030223e3c2f6469763e0a20202020202020202020202020202020202020203c2f6469763e0a20202020202020202020202020202020202020203c683420636c6173733d22736d616c6c20666f6e742d7765696768742d626f6c64223e4163636f756e74205365747570203c7370616e20636c6173733d22666c6f61742d7269676874223e436f6d706c657465213c2f7370616e3e3c2f68343e0a20202020202020202020202020202020202020203c64697620636c6173733d2270726f6772657373223e0a2020202020202020202020202020202020202020202020203c64697620636c6173733d2270726f67726573732d6261722062672d737563636573732220726f6c653d2270726f677265737362617222207374796c653d2277696474683a20313030252220617269612d76616c75656e6f773d223130302220617269612d76616c75656d696e3d22302220617269612d76616c75656d61783d22313030223e3c2f6469763e0a20202020202020202020202020202020202020203c2f6469763e0a202020202020202020202020202020203c2f6469763e0a2020202020202020202020203c2f6469763e0a2020202020202020202020203c212d2d20436f6c6f722053797374656d202d2d3e0a2020202020202020202020203c64697620636c6173733d22726f77223e0a202020202020202020202020202020203c64697620636c6173733d22636f6c2d6c672d36206d622d34223e0a20202020202020202020202020202020202020203c64697620636c6173733d22636172642062672d7072696d61727920746578742d776869746520736861646f77223e0a2020202020202020202020202020202020202020202020203c64697620636c6173733d22636172642d626f6479223e0a202020202020202020202020202020202020202020202020202020205072696d6172790a202020202020202020202020202020202020202020202020202020203c64697620636c6173733d22746578742d77686974652d353020736d616c6c223e233465373364663c2f6469763e0a2020202020202020202020202020202020202020202020203c2f6469763e0a20202020202020202020202020202020202020203c2f6469763e0a202020202020202020202020202020203c2f6469763e0a202020202020202020202020202020203c64697620636c6173733d22636f6c2d6c672d36206d622d34223e0a20202020202020202020202020202020202020203c64697620636c6173733d22636172642062672d7375636365737320746578742d776869746520736861646f77223e0a2020202020202020202020202020202020202020202020203c64697620636c6173733d22636172642d626f6479223e0a20202020202020202020202020202020202020202020202020202020537563636573730a202020202020202020202020202020202020202020202020202020203c64697620636c6173733d22746578742d77686974652d353020736d616c6c223e233163633838613c2f6469763e0a2020202020202020202020202020202020202020202020203c2f6469763e0a20202020202020202020202020202020202020203c2f6469763e0a202020202020202020202020202020203c2f6469763e0a202020202020202020202020202020203c64697620636c6173733d22636f6c2d6c672d36206d622d34223e0a20202020202020202020202020202020202020203c64697620636c6173733d22636172642062672d696e666f20746578742d776869746520736861646f77223e0a2020202020202020202020202020202020202020202020203c64697620636c6173733d22636172642d626f6479223e0a20202020202020202020202020202020202020202020202020202020496e666f0a202020202020202020202020202020202020202020202020202020203c64697620636c6173733d22746578742d77686974652d353020736d616c6c223e233336623963633c2f6469763e0a2020202020202020202020202020202020202020202020203c2f6469763e0a20202020202020202020202020202020202020203c2f6469763e0a202020202020202020202020202020203c2f6469763e0a202020202020202020202020202020203c64697620636c6173733d22636f6c2d6c672d36206d622d34223e0a20202020202020202020202020202020202020203c64697620636c6173733d22636172642062672d7761726e696e6720746578742d776869746520736861646f77223e0a2020202020202020202020202020202020202020202020203c64697620636c6173733d22636172642d626f6479223e0a202020202020202020202020202020202020202020202020202020205761726e696e670a202020202020202020202020202020202020202020202020202020203c64697620636c6173733d22746578742d77686974652d353020736d616c6c223e236636633233653c2f6469763e0a2020202020202020202020202020202020202020202020203c2f6469763e0a20202020202020202020202020202020202020203c2f6469763e0a202020202020202020202020202020203c2f6469763e0a202020202020202020202020202020203c64697620636c6173733d22636f6c2d6c672d36206d622d34223e0a20202020202020202020202020202020202020203c64697620636c6173733d22636172642062672d64616e67657220746578742d776869746520736861646f77223e0a2020202020202020202020202020202020202020202020203c64697620636c6173733d22636172642d626f6479223e0a2020202020202020202020202020202020202020202020202020202044616e6765720a202020202020202020202020202020202020202020202020202020203c64697620636c6173733d22746578742d77686974652d353020736d616c6c223e236537346133623c2f6469763e0a2020202020202020202020202020202020202020202020203c2f6469763e0a20202020202020202020202020202020202020203c2f6469763e0a202020202020202020202020202020203c2f6469763e0a202020202020202020202020202020203c64697620636c6173733d22636f6c2d6c672d36206d622d34223e0a20202020202020202020202020202020202020203c64697620636c6173733d22636172642062672d7365636f6e6461727920746578742d776869746520736861646f77223e0a2020202020202020202020202020202020202020202020203c64697620636c6173733d22636172642d626f6479223e0a202020202020202020202020202020202020202020202020202020205365636f6e646172790a202020202020202020202020202020202020202020202020202020203c64697620636c6173733d22746578742d77686974652d353020736d616c6c223e233835383739363c2f6469763e0a2020202020202020202020202020202020202020202020203c2f6469763e0a20202020202020202020202020202020202020203c2f6469763e0a202020202020202020202020202020203c2f6469763e0a2020202020202020202020203c2f6469763e0a20202020202020203c2f6469763e0a20202020202020203c64697620636c6173733d22636f6c2d6c672d36206d622d34223e0a2020202020202020202020203c212d2d20496c6c757374726174696f6e73202d2d3e0a2020202020202020202020203c64697620636c6173733d226361726420736861646f77206d622d34223e0a202020202020202020202020202020203c64697620636c6173733d22636172642d6865616465722070792d33223e0a20202020202020202020202020202020202020203c683620636c6173733d226d2d3020666f6e742d7765696768742d626f6c6420746578742d7072696d617279223e496c6c757374726174696f6e733c2f68363e0a202020202020202020202020202020203c2f6469763e0a202020202020202020202020202020203c64697620636c6173733d22636172642d626f6479223e0a20202020202020202020202020202020202020203c64697620636c6173733d22746578742d63656e746572223e0a2020202020202020202020202020202020202020202020203c696d6720636c6173733d22696d672d666c7569642070782d332070782d736d2d34206d742d33206d622d3422207374796c653d2277696474683a20323572656d3b22207372633d227468656d65732f64656661756c742f696d672f756e647261775f706f7374696e675f70686f746f2e7376672220616c743d22223e0a20202020202020202020202020202020202020203c2f6469763e0a20202020202020202020202020202020202020203c703e41646420736f6d65207175616c6974792c2073766720696c6c757374726174696f6e7320746f20796f75722070726f6a65637420636f757274657379206f66203c61207461726765743d225f626c616e6b222072656c3d226e6f666f6c6c6f772220687265663d2268747470733a2f2f756e647261772e636f2f223e756e447261773c2f613e2c206120636f6e7374616e746c79207570646174656420636f6c6c656374696f6e206f662062656175746966756c2073766720696d61676573207468617420796f752063616e2075736520636f6d706c6574656c79206672656520616e6420776974686f7574206174747269627574696f6e213c2f703e0a20202020202020202020202020202020202020203c61207461726765743d225f626c616e6b222072656c3d226e6f666f6c6c6f772220687265663d2268747470733a2f2f756e647261772e636f2f223e42726f77736520496c6c757374726174696f6e73206f6e20756e447261772026726172723b3c2f613e0a202020202020202020202020202020203c2f6469763e0a2020202020202020202020203c2f6469763e0a2020202020202020202020203c212d2d20417070726f616368202d2d3e0a2020202020202020202020203c64697620636c6173733d226361726420736861646f77206d622d34223e0a202020202020202020202020202020203c64697620636c6173733d22636172642d6865616465722070792d33223e0a20202020202020202020202020202020202020203c683620636c6173733d226d2d3020666f6e742d7765696768742d626f6c6420746578742d7072696d617279223e446576656c6f706d656e7420417070726f6163683c2f68363e0a202020202020202020202020202020203c2f6469763e0a202020202020202020202020202020203c64697620636c6173733d22636172642d626f6479223e0a20202020202020202020202020202020202020203c703e53422041646d696e2032206d616b657320657874656e7369766520757365206f6620426f6f7473747261702034207574696c69747920636c617373657320696e206f7264657220746f207265647563652043535320626c6f617420616e6420706f6f72207061676520706572666f726d616e63652e20437573746f6d2043535320636c617373657320617265207573656420746f2063726561746520637573746f6d20636f6d706f6e656e747320616e6420637573746f6d207574696c69747920636c61737365732e3c2f703e0a20202020202020202020202020202020202020203c7020636c6173733d226d622d30223e4265666f726520776f726b696e6720776974682074686973207468656d652c20796f752073686f756c64206265636f6d652066616d696c69617220776974682074686520426f6f747374726170206672616d65776f726b2c20657370656369616c6c7920746865207574696c69747920636c61737365732e3c2f703e0a202020202020202020202020202020203c2f6469763e0a2020202020202020202020203c2f6469763e0a20202020202020203c2f6469763e0a202020203c2f6469763e223b, '', 'page', 1800, 1607271605),
('page.entity.overview', 0x733a323131333a223c212d2d20506167652048656164696e67202d2d3e0a3c64697620636c6173733d22642d736d2d666c657820616c69676e2d6974656d732d63656e74657220666c65782d7374617274206d622d34223e0a202020203c683120636c6173733d226833206d622d3020746578742d677261792d383030223e456e746974696573206f766572766965773c2f68313e266e6273703b0a3c2f6469763e0a3c212d2d20436f6e74656e7420526f77202d2d3e0a3c64697620636c6173733d22726f77223e0a202020203c64697620636c6173733d22636f6c2d3132223e0a20202020202020203c64697620636c6173733d227461626c652d726573706f6e73697665223e0a2020202020202020202020203c7461626c6520636c6173733d227461626c65207461626c652d626f726465726564222069643d22646174615461626c65222077696474683d2231303025222063656c6c73706163696e673d2230223e0a202020202020202020202020202020203c74686561643e0a20202020202020202020202020202020202020203c74723e0a202020202020202020202020202020202020202020202020202020202020202020202020202020202020202020202020202020202020202020202020202020202020202020202020202020202020202020202020202020202020202020202020202020202020202020202020202020202020202020202020202020202020202020202020202020203c74683e7469746c653c2f74683e0a202020202020202020202020202020202020202020202020202020202020202020202020202020202020202020202020202020202020202020202020202020202020202020202020202020202020202020202020202020202020202020202020202020202020202020202020202020203c74683e7374617475733c2f74683e0a202020202020202020202020202020202020202020202020202020202020202020202020202020202020202020202020202020202020202020202020202020202020202020202020202020202020202020202020202020202020202020202020202020202020202020202020202020203c74683e6f776e65723c2f74683e0a202020202020202020202020202020202020202020202020202020202020202020202020202020202020202020202020202020202020202020202020202020202020202020202020202020202020202020202020202020202020202020202020202020202020202020202020202020203c74683e656469742d6c696e6b3c2f74683e0a202020202020202020202020202020202020202020202020202020202020202020202020202020202020202020202020202020202020202020202020202020202020202020202020202020202020202020202020202020202020202020202020202020202020202020202020202020203c74683e64656c6574652d6c696e6b3c2f74683e0a2020202020202020202020202020202020202020202020202020202020202020202020202020202020202020202020202020202020202020202020202020202020202020202020203c2f74723e0a202020202020202020202020202020203c2f74686561643e0a202020202020202020202020202020203c74626f64793e0a20202020202020202020202020202020202020202020202020202020202020203c2f74626f64793e0a202020202020202020202020202020203c74666f6f743e0a20202020202020202020202020202020202020203c74723e0a202020202020202020202020202020202020202020202020202020202020202020202020202020202020202020202020202020202020202020202020202020202020202020202020202020202020202020202020202020202020202020202020202020202020202020202020202020202020202020202020202020202020202020202020202020203c74683e7469746c653c2f74683e0a202020202020202020202020202020202020202020202020202020202020202020202020202020202020202020202020202020202020202020202020202020202020202020202020202020202020202020202020202020202020202020202020202020202020202020202020202020203c74683e7374617475733c2f74683e0a202020202020202020202020202020202020202020202020202020202020202020202020202020202020202020202020202020202020202020202020202020202020202020202020202020202020202020202020202020202020202020202020202020202020202020202020202020203c74683e6f776e65723c2f74683e0a202020202020202020202020202020202020202020202020202020202020202020202020202020202020202020202020202020202020202020202020202020202020202020202020202020202020202020202020202020202020202020202020202020202020202020202020202020203c74683e656469742d6c696e6b3c2f74683e0a202020202020202020202020202020202020202020202020202020202020202020202020202020202020202020202020202020202020202020202020202020202020202020202020202020202020202020202020202020202020202020202020202020202020202020202020202020203c74683e64656c6574652d6c696e6b3c2f74683e0a2020202020202020202020202020202020202020202020202020202020202020202020202020202020202020202020202020202020202020202020202020202020202020202020203c2f74723e0a202020202020202020202020202020203c2f74666f6f743e0a2020202020202020202020203c2f7461626c653e0a20202020202020203c2f6469763e0a202020203c2f6469763e0a3c2f6469763e223b, '', 'page', 300, 1607265128),
('page.footer', 0x733a323839343a222020202020202020202020203c2f6469763e0a2020202020202020202020203c212d2d202f2e636f6e7461696e65722d666c756964202d2d3e0a20202020202020203c2f6469763e0a20202020202020203c212d2d20456e64206f66204d61696e20436f6e74656e74202d2d3e0a20202020202020203c212d2d20466f6f746572202d2d3e0a20202020202020203c666f6f74657220636c6173733d22737469636b792d666f6f7465722062672d7768697465223e0a2020202020202020202020203c64697620636c6173733d22636f6e7461696e6572206d792d6175746f223e0a202020202020202020202020202020203c64697620636c6173733d22636f7079726967687420746578742d63656e746572206d792d6175746f223e0a20202020202020202020202020202020202020203c7370616e3e436f707972696768742026636f70793b204e69636b2074686520486561646c65737320434d5320323032303c2f7370616e3e0a202020202020202020202020202020203c2f6469763e0a2020202020202020202020203c2f6469763e0a20202020202020203c2f666f6f7465723e0a20202020202020203c212d2d20456e64206f6620466f6f746572202d2d3e0a20202020202020203c2f6469763e0a20202020202020203c212d2d20456e64206f6620436f6e74656e742057726170706572202d2d3e0a20202020202020203c2f6469763e0a20202020202020203c212d2d20456e64206f6620506167652057726170706572202d2d3e0a20202020202020203c212d2d205363726f6c6c20746f20546f7020427574746f6e2d2d3e0a20202020202020203c6120636c6173733d227363726f6c6c2d746f2d746f7020726f756e6465642220687265663d2223706167652d746f70223e0a2020202020202020202020203c6920636c6173733d226661732066612d616e676c652d7570223e3c2f693e0a20202020202020203c2f613e0a20202020202020203c212d2d204c6f676f7574204d6f64616c2d2d3e0a20202020202020203c64697620636c6173733d226d6f64616c2066616465222069643d226c6f676f75744d6f64616c2220746162696e6465783d222d312220726f6c653d226469616c6f672220617269612d6c6162656c6c656462793d226578616d706c654d6f64616c4c6162656c2220617269612d68696464656e3d2274727565223e0a2020202020202020202020203c64697620636c6173733d226d6f64616c2d6469616c6f672220726f6c653d22646f63756d656e74223e0a202020202020202020202020202020203c64697620636c6173733d226d6f64616c2d636f6e74656e74223e0a20202020202020202020202020202020202020203c64697620636c6173733d226d6f64616c2d686561646572223e0a2020202020202020202020202020202020202020202020203c683520636c6173733d226d6f64616c2d7469746c65222069643d226578616d706c654d6f64616c4c6162656c223e526561647920746f204c656176653f3c2f68353e0a2020202020202020202020202020202020202020202020203c627574746f6e20636c6173733d22636c6f73652220747970653d22627574746f6e2220646174612d6469736d6973733d226d6f64616c2220617269612d6c6162656c3d22436c6f7365223e0a202020202020202020202020202020202020202020202020202020203c7370616e20617269612d68696464656e3d2274727565223ec3973c2f7370616e3e0a2020202020202020202020202020202020202020202020203c2f627574746f6e3e0a20202020202020202020202020202020202020203c2f6469763e0a20202020202020202020202020202020202020203c64697620636c6173733d226d6f64616c2d626f6479223e53656c65637420224c6f676f7574222062656c6f7720696620796f752061726520726561647920746f20656e6420796f75722063757272656e742073657373696f6e2e3c2f6469763e0a20202020202020202020202020202020202020203c64697620636c6173733d226d6f64616c2d666f6f746572223e0a2020202020202020202020202020202020202020202020203c627574746f6e20636c6173733d2262746e2062746e2d7365636f6e646172792220747970653d22627574746f6e2220646174612d6469736d6973733d226d6f64616c223e43616e63656c3c2f627574746f6e3e0a2020202020202020202020202020202020202020202020203c6120636c6173733d2262746e2062746e2d7072696d6172792220687265663d22687474703a2f2f6c6f63616c686f73742f6e69636b2d7468652d686561646c6573732d636d732f7765622f706572736f6e2f6c6f676f7574223e4c6f676f75743c2f613e0a20202020202020202020202020202020202020203c2f6469763e0a202020202020202020202020202020203c2f6469763e0a2020202020202020202020203c2f6469763e0a20202020202020203c2f6469763e0a20202020202020203c212d2d20426f6f74737472617020636f7265204a6176615363726970742d2d3e0a20202020202020203c736372697074207372633d22687474703a2f2f6c6f63616c686f73742f6e69636b2d7468652d686561646c6573732d636d732f7765622f7468656d65732f64656661756c742f76656e646f722f6a71756572792f6a71756572792e6d696e2e6a73223e3c2f7363726970743e0a20202020202020203c736372697074207372633d22687474703a2f2f6c6f63616c686f73742f6e69636b2d7468652d686561646c6573732d636d732f7765622f7468656d65732f64656661756c742f76656e646f722f626f6f7473747261702f6a732f626f6f7473747261702e62756e646c652e6d696e2e6a73223e3c2f7363726970743e0a20202020202020203c212d2d20436f726520706c7567696e204a6176615363726970742d2d3e0a20202020202020203c736372697074207372633d22687474703a2f2f6c6f63616c686f73742f6e69636b2d7468652d686561646c6573732d636d732f7765622f7468656d65732f64656661756c742f76656e646f722f6a71756572792d656173696e672f6a71756572792e656173696e672e6d696e2e6a73223e3c2f7363726970743e0a20202020202020203c212d2d20437573746f6d207363726970747320666f7220616c6c2070616765732d2d3e0a20202020202020203c736372697074207372633d22687474703a2f2f6c6f63616c686f73742f6e69636b2d7468652d686561646c6573732d636d732f7765622f7468656d65732f64656661756c742f6a732f73622d61646d696e2d322e6d696e2e6a73223e3c2f7363726970743e0a20202020202020203c212d2d2050616765206c6576656c20706c7567696e73202d2d3e0a20202020202020203c736372697074207372633d22687474703a2f2f6c6f63616c686f73742f6e69636b2d7468652d686561646c6573732d636d732f7765622f7468656d65732f64656661756c742f76656e646f722f63686172742e6a732f43686172742e6d696e2e6a73223e3c2f7363726970743e0a20202020202020203c212d2d2050616765206c6576656c20637573746f6d2073637269707473202d2d3e0a20202020202020203c736372697074207372633d22687474703a2f2f6c6f63616c686f73742f6e69636b2d7468652d686561646c6573732d636d732f7765622f7468656d65732f64656661756c742f6a732f64656d6f2f63686172742d617265612d64656d6f2e6a73223e3c2f7363726970743e0a20202020202020203c736372697074207372633d22687474703a2f2f6c6f63616c686f73742f6e69636b2d7468652d686561646c6573732d636d732f7765622f7468656d65732f64656661756c742f6a732f64656d6f2f63686172742d7069652d64656d6f2e6a73223e3c2f7363726970743e0a202020203c2f626f64793e0a3c2f68746d6c3e223b, '', 'page', 3600, 1607271893);

-- --------------------------------------------------------

--
-- Table structure for table `config`
--

CREATE TABLE `config` (
                          `field` varchar(255) NOT NULL,
                          `value` text NOT NULL
) ENGINE=InnoDB DEFAULT CHARSET=utf8;

--
-- Dumping data for table `config`
--

INSERT INTO `config` (`field`, `value`) VALUES
('admin', 'a:1:{s:2:\"id\";i:1;}'),
('site', 'a:3:{s:4:\"name\";s:4:\"Nick\";s:16:\"default_langcode\";s:2:\"en\";s:7:\"log_404\";i:1;}a:3:{s:4:\"name\";s:4:\"Nick\";s:16:\"default_langcode\";s:2:\"en\";s:7:\"log_404\";b:1;}'),
('theme', 'a:2:{s:5:\"admin\";s:7:\"default\";s:5:\"front\";s:7:\"default\";}');

-- --------------------------------------------------------

--
-- Table structure for table `entity`
--

CREATE TABLE `entity` (
                          `id` int(255) NOT NULL,
                          `type` varchar(255) NOT NULL
) ENGINE=InnoDB DEFAULT CHARSET=utf8;

--
-- Dumping data for table `entity`
--

INSERT INTO `entity` (`id`, `type`) VALUES
(0, 'person'),
(1, 'person'),
(3, 'menu'),
(4, 'menu'),
(5, 'menu'),
(6, 'menu'),
(7, 'menu'),
(8, 'menu'),
(9, 'menu'),
(10, 'menu'),
(25, 'menu'),
(27, 'article');

-- --------------------------------------------------------

--
-- Table structure for table `entity_storage`
--

CREATE TABLE `entity_storage` (
                                  `type` varchar(255) NOT NULL,
                                  `label` varchar(255) NOT NULL,
                                  `description` text NOT NULL,
                                  `fields` blob NOT NULL
) ENGINE=InnoDB DEFAULT CHARSET=utf8;

--
-- Dumping data for table `entity_storage`
--

INSERT INTO `entity_storage` (`type`, `label`, `description`, `fields`) VALUES
('article', 'Article', 'This item creates the Article entity.', 0x613a323a7b733a353a227469746c65223b613a333a7b733a343a2274797065223b733a373a2276617263686172223b733a363a226c656e677468223b693a3235353b733a343a22666f726d223b613a343a7b733a353a227469746c65223b733a353a225469746c65223b733a343a2274797065223b733a373a2274657874626f78223b733a343a226e616d65223b733a353a227469746c65223b733a383a227265717569726564223b623a313b7d7d733a343a22626f6479223b613a323a7b733a343a2274797065223b733a343a2274657874223b733a343a22666f726d223b613a353a7b733a353a227469746c65223b733a343a22426f6479223b733a343a2274797065223b733a373a2277797369777967223b733a343a226e616d65223b733a343a22626f6479223b733a31303a2261747472696275746573223b613a313a7b733a343a22726f7773223b693a353b7d733a383a227265717569726564223b623a313b7d7d7d),
('client', 'Client', 'This item creates the Client entity.', 0x613a333a7b733a353a227469746c65223b613a343a7b733a343a2274797065223b733a373a2276617263686172223b733a363a226c656e677468223b693a3235353b733a363a22756e69717565223b623a313b733a343a22666f726d223b613a323a7b733a343a2274797065223b733a373a2274657874626f78223b733a353a227469746c65223b733a353a225469746c65223b7d7d733a343a2275756964223b613a333a7b733a343a2274797065223b733a373a2276617263686172223b733a363a226c656e677468223b733a333a22323535223b733a343a22666f726d223b613a333a7b733a343a2274797065223b733a343a2274657874223b733a353a227469746c65223b733a343a2255554944223b733a31333a2264656661756c745f76616c7565223b4f3a32383a2253796d666f6e795c436f6d706f6e656e745c5569645c557569645634223a313a7b733a363a22002a00756964223b733a33363a2235313336326363612d383433382d346636332d383331392d323430356161626430343965223b7d7d7d733a31313a227065726d697373696f6e73223b613a333a7b733a343a2274797065223b733a373a2276617263686172223b733a363a226c656e677468223b733a333a22313030223b733a343a22666f726d223b613a343a7b733a343a2274797065223b733a363a2273656c656374223b733a353a227469746c65223b733a31313a225065726d697373696f6e73223b733a373a226f7074696f6e73223b613a333a7b733a383a227265747269657665223b733a383a225265747269657665223b733a383a227472616e736d6974223b733a383a225472616e736d6974223b733a333a22616c6c223b733a333a22416c6c223b7d733a31303a2261747472696275746573223b613a313a7b733a383a226d756c7469706c65223b623a313b7d7d7d7d),
('conversation', 'Conversation', 'This item creates the Conversation entity.', 0x613a323a7b733a363a2273656e646572223b613a343a7b733a343a2274797065223b733a333a22696e74223b733a363a226c656e677468223b693a32353b733a31333a2264656661756c745f76616c7565223b693a303b733a353a22636c617373223b733a32363a225c4e69636b5c506572736f6e5c456e746974795c506572736f6e223b7d733a383a227265636569766572223b613a343a7b733a343a2274797065223b733a333a22696e74223b733a363a226c656e677468223b693a32353b733a31333a2264656661756c745f76616c7565223b693a303b733a353a22636c617373223b733a32363a225c4e69636b5c506572736f6e5c456e746974795c506572736f6e223b7d7d),
('file', 'File', 'This item creates the File entity.', 0x613a323a7b733a383a2266696c6574797065223b613a343a7b733a343a2274797065223b733a373a2276617263686172223b733a363a226c656e677468223b693a3235353b733a31333a2264656661756c745f76616c7565223b733a343a2266696c65223b733a343a22666f726d223b613a343a7b733a343a2274797065223b733a363a2273656c656374223b733a343a226e616d65223b733a393a2266696c655f74797065223b733a353a227469746c65223b733a343a2254797065223b733a373a226f7074696f6e73223b613a333a7b733a343a2266696c65223b733a343a2246696c65223b733a353a22696d616765223b733a353a22496d616765223b733a353a22766964656f223b733a353a22566964656f223b7d7d7d733a383a226c6f636174696f6e223b613a333a7b733a343a2274797065223b733a373a2276617263686172223b733a363a226c656e677468223b693a3235353b733a343a22666f726d223b613a333a7b733a343a2274797065223b733a343a2266696c65223b733a343a226e616d65223b733a31333a2266696c655f6c6f636174696f6e223b733a353a227469746c65223b733a31333a2246696c65204c6f636174696f6e223b7d7d7d),
('menu', 'Menu', 'This item creates the Menu entity.', 0x613a373a7b733a393a22737472756374757265223b613a333a7b733a343a2274797065223b733a333a22696e74223b733a363a226c656e677468223b693a32353b733a343a22666f726d223b613a343a7b733a343a2274797065223b733a373a2274657874626f78223b733a353a227469746c65223b733a393a22537472756374757265223b733a31303a2261747472696275746573223b613a313a7b733a343a226e616d65223b733a393a22737472756374757265223b7d733a383a227265717569726564223b623a313b7d7d733a353a227469746c65223b613a333a7b733a343a2274797065223b733a373a2276617263686172223b733a363a226c656e677468223b693a3235353b733a343a22666f726d223b613a343a7b733a343a2274797065223b733a373a2274657874626f78223b733a353a227469746c65223b733a353a225469746c65223b733a31303a2261747472696275746573223b613a313a7b733a343a226e616d65223b733a353a227469746c65223b7d733a383a227265717569726564223b623a313b7d7d733a31313a226465736372697074696f6e223b613a323a7b733a343a2274797065223b733a343a2274657874223b733a343a22666f726d223b613a343a7b733a343a2274797065223b733a373a2274657874626f78223b733a353a227469746c65223b733a31313a224465736372697074696f6e223b733a31303a2261747472696275746573223b613a313a7b733a343a226e616d65223b733a31313a226465736372697074696f6e223b7d733a383a227265717569726564223b623a303b7d7d733a353a22726f757465223b613a333a7b733a343a2274797065223b733a373a2276617263686172223b733a363a226c656e677468223b693a3235353b733a343a22666f726d223b613a343a7b733a343a2274797065223b733a373a2274657874626f78223b733a353a227469746c65223b733a353a22526f757465223b733a31303a2261747472696275746573223b613a313a7b733a343a226e616d65223b733a353a22726f757465223b7d733a383a227265717569726564223b623a313b7d7d733a31323a227472616e736c617461626c65223b613a333a7b733a343a2274797065223b733a373a2274696e79696e74223b733a363a226c656e677468223b693a313b733a343a22666f726d223b613a333a7b733a343a2274797065223b733a383a22636865636b626f78223b733a353a227469746c65223b733a31323a225472616e736c617461626c65223b733a31303a2261747472696275746573223b613a313a7b733a343a226e616d65223b733a31323a227472616e736c617461626c65223b7d7d7d733a343a2274797065223b613a333a7b733a343a2274797065223b733a343a2274657874223b733a363a226c656e677468223b693a35303b733a343a22666f726d223b613a343a7b733a343a2274797065223b733a373a2274657874626f78223b733a353a227469746c65223b733a343a2254797065223b733a31303a2261747472696275746573223b613a313a7b733a343a226e616d65223b733a343a2274797065223b7d733a383a227265717569726564223b623a313b7d7d733a363a22706172656e74223b613a333a7b733a343a2274797065223b733a333a22696e74223b733a363a226c656e677468223b693a32353b733a343a22666f726d223b613a343a7b733a343a2274797065223b733a373a2274657874626f78223b733a353a227469746c65223b733a363a22506172656e74223b733a31303a2261747472696275746573223b613a313a7b733a343a226e616d65223b733a363a22706172656e74223b7d733a383a227265717569726564223b623a313b7d7d7d),
('message', 'Message', 'This item creates the Message entity.', 0x613a323a7b733a31323a22636f6e766572736174696f6e223b613a333a7b733a343a2274797065223b733a333a22696e74223b733a363a226c656e677468223b693a32353b733a353a22636c617373223b733a33383a225c4e69636b5c436f6e766572736174696f6e5c456e746974795c436f6e766572736174696f6e223b7d733a373a226d657373616765223b613a323a7b733a343a2274797065223b733a343a2274657874223b733a343a22666f726d223b613a353a7b733a353a227469746c65223b733a343a22426f6479223b733a343a2274797065223b733a373a2277797369777967223b733a343a226e616d65223b733a343a22626f6479223b733a31303a2261747472696275746573223b613a313a7b733a343a22726f7773223b693a353b7d733a383a227265717569726564223b623a313b7d7d7d),
('person', 'Person', 'This item creates the Person entity.', 0x613a343a7b733a343a226e616d65223b613a343a7b733a343a2274797065223b733a373a2276617263686172223b733a363a226c656e677468223b693a3235353b733a363a22756e69717565223b623a313b733a343a22666f726d223b613a333a7b733a353a227469746c65223b733a343a224e616d65223b733a343a2274797065223b733a373a2274657874626f78223b733a31303a2261747472696275746573223b613a313a7b733a343a2274797065223b733a383a22757365726e616d65223b7d7d7d733a383a2270617373776f7264223b613a333a7b733a343a2274797065223b733a373a2276617263686172223b733a363a226c656e677468223b733a333a22323535223b733a343a22666f726d223b613a333a7b733a353a227469746c65223b733a383a2250617373776f7264223b733a343a2274797065223b733a373a2274657874626f78223b733a31303a2261747472696275746573223b613a313a7b733a343a2274797065223b733a383a2270617373776f7264223b7d7d7d733a383a226c616e6775616765223b613a333a7b733a343a2274797065223b733a373a2276617263686172223b733a363a226c656e677468223b733a323a223130223b733a343a22666f726d223b613a333a7b733a353a227469746c65223b733a383a224c616e6775616765223b733a343a2274797065223b733a363a2273656c656374223b733a373a226f7074696f6e73223b613a323a7b733a323a22656e223b733a33393a225b656e5d20456e676c697368202d20556e6974656420537461746573206f6620416d6572696361223b733a323a226e6c223b733a32383a225b6e6c5d204475746368202d20546865204e65746865726c616e6473223b7d7d7d733a31313a227065726d697373696f6e73223b613a323a7b733a343a2274797065223b733a343a22626c6f62223b733a343a22666f726d223b613a343a7b733a353a227469746c65223b733a31313a225065726d697373696f6e73223b733a343a2274797065223b733a363a2273656c656374223b733a373a226f7074696f6e73223b613a303a7b7d733a31303a2261747472696275746573223b613a313a7b733a383a226d756c7469706c65223b623a313b7d7d7d7d);

-- --------------------------------------------------------

--
-- Table structure for table `entity__article`
--

CREATE TABLE `entity__article` (
                                   `id` int(25) NOT NULL,
                                   `owner` int(25) NOT NULL DEFAULT 0,
                                   `status` tinyint(1) NOT NULL DEFAULT 0,
                                   `title` varchar(255) NOT NULL,
                                   `body` text NOT NULL
) ENGINE=InnoDB DEFAULT CHARSET=utf8;

--
-- Dumping data for table `entity__article`
--

INSERT INTO `entity__article` (`id`, `owner`, `status`, `title`, `body`) VALUES
(27, 1, 1, 'Make Your Life Better by Saying Thank You in These 7 Situations', '&lt;p&gt;I don\'t say Thank You as often as I should and I doubt I\'m the only one.&lt;/p&gt;\r\n\r\n&lt;p&gt;In fact, I\'m starting to believe that Thank You is the most under-appreciated and under-used phrase on the planet. It is appropriate in nearly any situation and it is a better response than most of the things we say. Let\'s cover 7 common situations when we say all sorts of things, but should say Thank You instead.&amp;nbsp;&lt;/p&gt;\r\n\r\n&lt;p&gt;&lt;img alt=&quot;Say Thank You&quot; height=&quot;500&quot; src=&quot;https://jamesclear.com/wp-content/uploads/2016/02/say-thank-you.jpg&quot; width=&quot;700&quot; /&gt;&lt;/p&gt;\r\n\r\n&lt;h2&gt;1. Say Thank You when you\'re receiving a compliment.&lt;/h2&gt;\r\n\r\n&lt;p&gt;We often ruin compliments by devaluing the statement or acting overly humble. Internally, you might think this prevents you from appearing arrogant or smug.&lt;/p&gt;\r\n\r\n&lt;p&gt;The problem is that by deflecting the praise of a genuine compliment, you don\'t acknowledge the person who was nice enough to say something. Simply saying Thank You fully acknowledges the person who made the compliment and allows you to enjoy the moment as well.&lt;/p&gt;\r\n\r\n&lt;p&gt;&lt;strong&gt;Example: Your dress looks great.&lt;/strong&gt;&lt;/p&gt;\r\n\r\n&lt;ul&gt;\r\n	&lt;li&gt;Instead of:&amp;nbsp;&lt;em&gt;Oh, this old thing? I\'ve had it for years.&lt;/em&gt;&lt;/li&gt;\r\n	&lt;li&gt;Try saying:&amp;nbsp;&lt;em&gt;Thank you. I\'m glad you like it.&lt;/em&gt;&lt;/li&gt;\r\n&lt;/ul&gt;\r\n\r\n&lt;p&gt;&lt;strong&gt;Example: Wow! 20 points tonight. You played really well in the game.&lt;/strong&gt;&lt;/p&gt;\r\n\r\n&lt;ul&gt;\r\n	&lt;li&gt;Instead of:&amp;nbsp;&lt;em&gt;Yeah, but I missed that wide-open shot in the 3rd quarter.&lt;/em&gt;&lt;/li&gt;\r\n	&lt;li&gt;Try saying:&amp;nbsp;&lt;em&gt;Thank you. It was a good night.&lt;/em&gt;&lt;/li&gt;\r\n&lt;/ul&gt;\r\n\r\n&lt;p&gt;&lt;strong&gt;Example: You killed your presentation today!&lt;/strong&gt;&lt;/p&gt;\r\n\r\n&lt;ul&gt;\r\n	&lt;li&gt;Instead of:&amp;nbsp;&lt;em&gt;Did I? I felt so nervous up there. I\'m glad it looked alright.&lt;/em&gt;&lt;/li&gt;\r\n	&lt;li&gt;Try saying:&amp;nbsp;&lt;em&gt;Thank you. I\'m happy it went well.&lt;/em&gt;&lt;/li&gt;\r\n&lt;/ul&gt;\r\n\r\n&lt;p&gt;There is something empowering about fully accepting a compliment. When you deflect praise, you can\'t really own it. When you just say Thank You, you let the weight of the compliment sink in and become yours. Saying Thank You gives your mind permission to be built up by the compliments you receive.&lt;/p&gt;\r\n\r\n&lt;p&gt;Getting compliments should be fun and enjoyable, but we often ruin the experience. Theres no need to sabotage compliments that come your way. Accept them with grace and enjoy the moment.&amp;nbsp;&lt;/p&gt;\r\n\r\n&lt;h2&gt;2. Say Thank You when youre running late.&lt;/h2&gt;\r\n\r\n&lt;p&gt;Being late is the worst. It\'s stressful for the person who is running late and it\'s disrespectful to the person who is waiting.&lt;/p&gt;\r\n\r\n&lt;p&gt;It might seem strange to thank someone for dealing with your hassle, but that\'s exactly the correct response. Most people stumble in the door and say, Sorry I\'m late.&lt;/p&gt;\r\n\r\n&lt;p&gt;The problem is this response still makes the situation about you. Sorry,&amp;nbsp;&lt;em&gt;I\'m&lt;/em&gt;&amp;nbsp;late. Saying Thank You turns the tables and acknowledges the sacrifice the other person made by waiting. Thank&amp;nbsp;&lt;em&gt;you&lt;/em&gt;&amp;nbsp;for waiting.&amp;nbsp;&lt;/p&gt;\r\n\r\n&lt;p&gt;&lt;strong&gt;Example: You walk in the door 14 minutes late.&lt;/strong&gt;&lt;/p&gt;\r\n\r\n&lt;ul&gt;\r\n	&lt;li&gt;Instead of:&amp;nbsp;&lt;em&gt;So sorry Im late. Traffic was insane out there.&lt;/em&gt;&lt;/li&gt;\r\n	&lt;li&gt;Try saying:&amp;nbsp;&lt;em&gt;Thank you for your patience.&lt;/em&gt;&lt;/li&gt;\r\n&lt;/ul&gt;\r\n\r\n&lt;p&gt;When we make a mistake, someone else often makes a sacrifice. Our default response is to apologize for our failure, but the better approach is to praise their patience and loyalty. Thank them for what they did despite your error.&lt;/p&gt;\r\n\r\n&lt;h2&gt;3. Say Thank You when you\'re comforting someone.&lt;/h2&gt;\r\n\r\n&lt;p&gt;When someone comes to you with bad news, it can be awkward. You want to be a good friend, but most people don\'t know what to say. I know I\'ve felt that way before.&lt;/p&gt;\r\n\r\n&lt;p&gt;Often times, we think it\'s a good idea to add a silver lining to the problem. Well, at least you have&lt;/p&gt;\r\n\r\n&lt;p&gt;What we fail to realize is that it doesn\'t matter if you don\'t know what to say. All you really need is to be present and thank them for trusting you.&lt;/p&gt;\r\n\r\n&lt;p&gt;&lt;strong&gt;Example: Your co-worker\'s mother passed away recently.&lt;/strong&gt;&lt;/p&gt;\r\n\r\n&lt;ul&gt;\r\n	&lt;li&gt;Instead of:&amp;nbsp;&lt;em&gt;At least you have a lot of fond memories to hold onto.&lt;/em&gt;&lt;/li&gt;\r\n	&lt;li&gt;Try saying:&amp;nbsp;&lt;em&gt;Thank you for sharing that with me. I know this is a hard time for you.&lt;/em&gt;&lt;/li&gt;\r\n&lt;/ul&gt;\r\n\r\n&lt;p&gt;&lt;strong&gt;Example: Your brother lost his job.&lt;/strong&gt;&lt;/p&gt;\r\n\r\n&lt;ul&gt;\r\n	&lt;li&gt;Instead of:&amp;nbsp;&lt;em&gt;At least you have your health.&lt;/em&gt;&lt;/li&gt;\r\n	&lt;li&gt;Try saying:&amp;nbsp;&lt;em&gt;Thank you for sharing this with me. I\'m here to support you.&lt;/em&gt;&lt;/li&gt;\r\n&lt;/ul&gt;\r\n\r\n&lt;p&gt;&lt;strong&gt;Example: Your friend\'s pet just died.&lt;/strong&gt;&lt;/p&gt;\r\n\r\n&lt;ul&gt;\r\n	&lt;li&gt;Instead of:&amp;nbsp;&lt;em&gt;At least they had a long and happy life.&lt;/em&gt;&lt;/li&gt;\r\n	&lt;li&gt;Try saying:&amp;nbsp;&lt;em&gt;Thank you for sharing that with me. I\'m here for you.&lt;/em&gt;&lt;/li&gt;\r\n&lt;/ul&gt;\r\n\r\n&lt;p&gt;In times of suffering, we don\'t need to hear words to ease the pain as much as we need someone to share our pain. When you don\'t know what to say, just say Thank You and be there.&lt;/p&gt;\r\n\r\n&lt;h2&gt;4. Say Thank You when you\'re receiving helpful feedback.&lt;/h2&gt;\r\n\r\n&lt;p&gt;Feedback can be very helpful, but we rarely see it that way. Whether it is an unflattering performance review from your boss or an email from an unhappy customer, the standard reaction is to get defensive. That\'s a shame because the correct response is to simply say, Thank You and use the information to improve.&lt;/p&gt;\r\n\r\n&lt;p&gt;&lt;strong&gt;Example: This work isn\'t good enough. I thought you would do better.&lt;/strong&gt;&lt;/p&gt;\r\n\r\n&lt;ul&gt;\r\n	&lt;li&gt;Instead of:&amp;nbsp;&lt;em&gt;You don\'t understand. Here\'s what really happened.&lt;/em&gt;&lt;/li&gt;\r\n	&lt;li&gt;Try saying:&amp;nbsp;&lt;em&gt;Thank you for expecting more of me.&lt;/em&gt;&lt;/li&gt;\r\n&lt;/ul&gt;\r\n\r\n&lt;p&gt;&lt;strong&gt;Example: I bought your product last week and it already broke. I am not happy with this experience.&lt;/strong&gt;&lt;/p&gt;\r\n\r\n&lt;ul&gt;\r\n	&lt;li&gt;Instead of:&amp;nbsp;&lt;em&gt;How did you use it? We made it very clear in our terms and conditions that the product is not designed to work in certain conditions.&lt;/em&gt;&lt;/li&gt;\r\n	&lt;li&gt;Try saying:&amp;nbsp;&lt;em&gt;Thank you for sharing your thoughts. Please know we are committed to becoming better. Can you share more details about the issue?&lt;/em&gt;&lt;/li&gt;\r\n&lt;/ul&gt;\r\n\r\n&lt;p&gt;Nobody likes to fail, but&amp;nbsp;&lt;a href=&quot;https://jamesclear.com/failure-scientist&quot; title=&quot;failure is just a data point&quot;&gt;failure is just a data point&lt;/a&gt;. Respond to helpful feedback with thanks and use it to become better.&amp;nbsp;&lt;/p&gt;\r\n\r\n&lt;h2&gt;5. Say Thank You when you\'re receiving unfair criticism.&lt;/h2&gt;\r\n\r\n&lt;p&gt;Sometimes criticism isn\'t helpful at all. It\'s just vindictive and mean. I\'ve written about&amp;nbsp;&lt;a href=&quot;https://jamesclear.com/haters&quot; title=&quot;how to deal with haters&quot;&gt;how to deal with haters&lt;/a&gt;&amp;nbsp;previously, but one of the best approaches is to just say thank you and move on.&lt;/p&gt;\r\n\r\n&lt;p&gt;When you thank someone for criticizing you, it immediately neutralizes the power of their statements. If its not a big deal to you, then it cant grow into a larger argument.&lt;/p&gt;\r\n\r\n&lt;p&gt;&lt;strong&gt;Example: This might be good advice for beginners, but anyone who knows what they are doing will find this useless.&lt;/strong&gt;&lt;/p&gt;\r\n\r\n&lt;ul&gt;\r\n	&lt;li&gt;Instead of:&amp;nbsp;&lt;em&gt;Well, clearly, I wrote this for beginners. This might be a surprise, but not everything was written with you in mind.&lt;/em&gt;&lt;/li&gt;\r\n	&lt;li&gt;Try saying:&amp;nbsp;&lt;em&gt;Thank you for sharing your opinion. Ill try to improve next time.&lt;/em&gt;&lt;/li&gt;\r\n&lt;/ul&gt;\r\n\r\n&lt;p&gt;&lt;strong&gt;Example: Your statement is the dumbest thing I\'ve read all week.&lt;/strong&gt;&lt;/p&gt;\r\n\r\n&lt;ul&gt;\r\n	&lt;li&gt;Instead of:&amp;nbsp;&lt;em&gt;You\'re an idiot. Let me tell you why&lt;/em&gt;&lt;/li&gt;\r\n	&lt;li&gt;Try saying:&amp;nbsp;&lt;em&gt;Thank you for the feedback. I still have a lot to learn.&lt;/em&gt;&lt;/li&gt;\r\n&lt;/ul&gt;\r\n\r\n&lt;p&gt;Releasing the need to win every argument is a sign of maturity. Someone on the internet said something wrong? So what. Win the argument by the way you live your life.&lt;/p&gt;\r\n\r\n&lt;h2&gt;6. Say Thank You when someone gives you unsolicited advice.&lt;/h2&gt;\r\n\r\n&lt;p&gt;This shows up a lot in the gym. Everybody has an opinion about what your technique should look like. I think most people are just trying to be helpful, but hearing someone\'s opinion about you when you didn\'t ask for it can be annoying.&lt;/p&gt;\r\n\r\n&lt;p&gt;One time, someone pointed out some flaws in my squat technique in a video I posted online. I responded by sarcastically asking if he had a video of himself doing it correctly. Somewhere deep in my mind, I assumed that if I reminded him that his technique wasn\'t perfect, then I would feel better about the fact that mine wasn\'t perfect either. That\'s an unnecessary and defensive response.&lt;/p&gt;\r\n\r\n&lt;p&gt;The better approach? Just say Thank You.&lt;/p&gt;\r\n\r\n&lt;p&gt;&lt;strong&gt;Example: You know, you should really keep your hips back when you do that exercise.&lt;/strong&gt;&lt;/p&gt;\r\n\r\n&lt;ul&gt;\r\n	&lt;li&gt;Instead of:&amp;nbsp;&lt;em&gt;Oh really? Do you have a video of yourself doing it so I can see it done correctly?&lt;/em&gt;&lt;/li&gt;\r\n	&lt;li&gt;Try saying:&amp;nbsp;&lt;em&gt;Thank you for the help.&lt;/em&gt;&lt;/li&gt;\r\n&lt;/ul&gt;\r\n\r\n&lt;p&gt;Pointing out others faults doesn\'t remove your own. Thank people for raising your self-awareness, even if it was unsolicited.&lt;/p&gt;\r\n\r\n&lt;h2&gt;7. Say Thank You when you\'re not sure if you should thank someone.&lt;/h2&gt;\r\n\r\n&lt;p&gt;When in doubt, just say thank you. There is no downside. Are you honestly worried about showing too much gratitude to the people in your life?&lt;/p&gt;\r\n\r\n&lt;p&gt;Should I send a Thank You card in this situation? Yes, you should.&lt;/p&gt;\r\n\r\n&lt;p&gt;Should I tip him? If you don\'t, at least say thank you.&lt;/p&gt;\r\n\r\n&lt;p&gt;Say thank you, more often.&lt;/p&gt;\r\n\r\n&lt;p&gt; &lt;a href=&quot;https://jamesclear.com/say-thank-you&quot;&gt;James Clear&lt;/a&gt;&lt;/p&gt;\r\n');

-- --------------------------------------------------------

--
-- Table structure for table `entity__client`
--

CREATE TABLE `entity__client` (
  `id` int(25) NOT NULL,
  `owner` int(25) NOT NULL DEFAULT 0,
  `status` tinyint(1) NOT NULL DEFAULT 0,
  `title` varchar(255) NOT NULL,
  `uuid` varchar(255) NOT NULL,
  `permissions` varchar(100) NOT NULL
) ENGINE=InnoDB DEFAULT CHARSET=utf8;

-- --------------------------------------------------------

--
-- Table structure for table `entity__conversation`
--

CREATE TABLE `entity__conversation` (
  `id` int(25) NOT NULL,
  `owner` int(25) NOT NULL DEFAULT 0,
  `status` tinyint(1) NOT NULL DEFAULT 0,
  `sender` int(25) NOT NULL DEFAULT 0,
  `receiver` int(25) NOT NULL DEFAULT 0
) ENGINE=InnoDB DEFAULT CHARSET=utf8;

-- --------------------------------------------------------

--
-- Table structure for table `entity__file`
--

CREATE TABLE `entity__file` (
  `id` int(25) NOT NULL,
  `owner` int(25) NOT NULL DEFAULT 0,
  `status` tinyint(1) NOT NULL DEFAULT 0,
  `filetype` varchar(255) NOT NULL DEFAULT 'file',
  `location` varchar(255) NOT NULL
) ENGINE=InnoDB DEFAULT CHARSET=utf8;

-- --------------------------------------------------------

--
-- Table structure for table `entity__menu`
--

CREATE TABLE `entity__menu` (
  `id` int(25) NOT NULL,
  `owner` int(25) NOT NULL DEFAULT 0,
  `status` tinyint(1) NOT NULL DEFAULT 0,
  `structure` int(25) NOT NULL,
  `title` varchar(255) NOT NULL,
  `description` text NOT NULL,
  `route` varchar(255) NOT NULL,
  `translatable` tinyint(1) NOT NULL,
  `type` tinytext NOT NULL,
  `parent` int(25) NOT NULL
) ENGINE=InnoDB DEFAULT CHARSET=utf8;

--
-- Dumping data for table `entity__menu`
--

INSERT INTO `entity__menu` (`id`, `owner`, `status`, `structure`, `title`, `description`, `route`, `translatable`, `type`, `parent`) VALUES
(3, 1, 1, -20, 'Dashboard', 'Takes you to the dashboard of your Nick website.', 'dashboard', 1, 'link', 0),
(4, 1, 1, -18, 'Configuration', '', 'config', 1, 'dropdown', 0),
(5, 1, 1, -181, 'Site settings', '', 'config.site', 1, 'link', 4),
(6, 1, 1, -182, 'Appearance', '', 'config.appearance', 1, 'link', 4),
(7, 1, 1, -16, 'Extensions', '', 'extension.overview', 1, 'link', 0),
(8, 1, 1, -15, 'Logs', '', 'logs', 1, 'link', 0),
(9, 1, 1, -19, 'Divider', 'Divider between Dashboard and Configuration', '', 0, 'divider', 0),
(10, 1, 1, -17, 'Divider', 'Divider between Configuration and Extensions', '', 0, 'divider', 0),
(25, 1, 1, 0, 'Articles', 'Overview of all articles', 'article.overview', 1, 'link', 0);

-- --------------------------------------------------------

--
-- Table structure for table `entity__message`
--

CREATE TABLE `entity__message` (
  `id` int(25) NOT NULL,
  `owner` int(25) NOT NULL DEFAULT 0,
  `status` tinyint(1) NOT NULL DEFAULT 0,
  `conversation` int(25) NOT NULL,
  `message` text NOT NULL
) ENGINE=InnoDB DEFAULT CHARSET=utf8;

-- --------------------------------------------------------

--
-- Table structure for table `entity__person`
--

CREATE TABLE `entity__person` (
  `id` int(25) NOT NULL,
  `owner` int(25) NOT NULL DEFAULT 0,
  `status` tinyint(1) NOT NULL DEFAULT 0,
  `name` varchar(255) NOT NULL,
  `password` varchar(255) NOT NULL,
  `language` varchar(10) NOT NULL
) ENGINE=InnoDB DEFAULT CHARSET=utf8;

--
-- Dumping data for table `entity__person`
--

INSERT INTO `entity__person` (`id`, `owner`, `status`, `name`, `password`, `language`) VALUES
(0, 1, 1, 'Anonymous', '', 'nl'),
(1, 0, 1, 'Randy', '$2y$10$vw4KCNOucAF4bjcTsrnIZO7/KAtWBHj9bMKGy4U4riVvOyZ9dLi4e', 'en');

-- --------------------------------------------------------

--
-- Table structure for table `extensions`
--

CREATE TABLE `extensions` (
  `type` varchar(255) NOT NULL,
  `name` varchar(255) NOT NULL,
  `installed` tinyint(1) NOT NULL DEFAULT 0
) ENGINE=InnoDB DEFAULT CHARSET=utf8;

--
-- Dumping data for table `extensions`
--

INSERT INTO `extensions` (`type`, `name`, `installed`) VALUES
('extension', 'Article', 1),
('extension', 'Breadcrumb', 1),
('component', 'Cache', 1),
('component', 'Config', 1),
('extension', 'Conversation', 1),
('component', 'Database', 1),
('contrib', 'DummyContent', 0),
('component', 'Entity', 1),
('component', 'Event', 1),
('component', 'ExtensionManager', 1),
('component', 'File', 1),
('component', 'Form', 1),
('component', 'Language', 1),
('component', 'Manifest', 1),
('component', 'Menu', 1),
('component', 'Page', 1),
('component', 'Permission', 1),
('component', 'Person', 1),
('component', 'Rest', 1),
('component', 'Route', 1),
('component', 'Search', 1),
('contrib', 'TestEvents', 0),
('component', 'Translation', 1);

-- --------------------------------------------------------

--
-- Table structure for table `languages`
--

CREATE TABLE `languages` (
  `id` int(255) NOT NULL,
  `langcode` varchar(2) NOT NULL,
  `language` varchar(255) NOT NULL,
  `country` varchar(255) NOT NULL
) ENGINE=InnoDB DEFAULT CHARSET=utf8mb4;

--
-- Dumping data for table `languages`
--

INSERT INTO `languages` (`id`, `langcode`, `language`, `country`) VALUES
(1, 'en', 'English', 'United States of America'),
(2, 'nl', 'Dutch', 'The Netherlands');

-- --------------------------------------------------------

--
-- Table structure for table `logs`
--

CREATE TABLE `logs` (
  `id` int(255) NOT NULL,
  `type` varchar(255) NOT NULL,
  `page` varchar(255) NOT NULL,
  `owner` int(25) NOT NULL,
  `backtrace` blob NOT NULL,
  `category` varchar(255) NOT NULL,
  `message` text NOT NULL,
  `rendered` int(1) NOT NULL
) ENGINE=InnoDB DEFAULT CHARSET=utf8;

--
-- Dumping data for table `logs`
--

INSERT INTO `logs` (`id`, `type`, `page`, `owner`, `backtrace`, `category`, `message`, `rendered`) VALUES
(1, '3', '/nick-the-headless-cms/web/logs/clear', 0, 0x613a363a7b693a303b613a373a7b733a343a2266696c65223b733a36383a22443a5c58616d70705c6874646f63735c6e69636b2d7468652d686561646c6573732d636d735c7765625c636f72655c636f6d706f6e656e74735c4c6f676765722e706870223b733a343a226c696e65223b693a34363b733a383a2266756e6374696f6e223b733a333a22616464223b733a353a22636c617373223b733a31313a224e69636b5c4c6f67676572223b733a363a226f626a656374223b4f3a31313a224e69636b5c4c6f67676572223a323a7b733a31313a22002a006461746162617365223b4f3a32323a224e69636b5c44617461626173655c4461746162617365223a31343a7b733a353a22002a006462223b733a343a226e69636b223b733a31313a22002a006461746162617365223b4f3a363a226d7973716c69223a31383a7b733a31333a2261666665637465645f726f7773223b4e3b733a31313a22636c69656e745f696e666f223b4e3b733a31343a22636c69656e745f76657273696f6e223b4e3b733a31333a22636f6e6e6563745f6572726e6f223b4e3b733a31333a22636f6e6e6563745f6572726f72223b4e3b733a353a226572726e6f223b4e3b733a353a226572726f72223b4e3b733a31303a226572726f725f6c697374223b4e3b733a31313a226669656c645f636f756e74223b4e3b733a393a22686f73745f696e666f223b4e3b733a343a22696e666f223b4e3b733a393a22696e736572745f6964223b4e3b733a31313a227365727665725f696e666f223b4e3b733a31343a227365727665725f76657273696f6e223b4e3b733a383a2273716c7374617465223b4e3b733a31363a2270726f746f636f6c5f76657273696f6e223b4e3b733a393a227468726561645f6964223b4e3b733a31333a227761726e696e675f636f756e74223b4e3b7d733a393a22002a00726573756c74223b4e3b733a383a22002a007175657279223b613a323a7b733a383a227573655175657279223b623a303b733a353a227175657279223b613a303a7b7d7d733a393a22002a006d6574686f64223b733a303a22223b733a393a22002a007461626c6573223b613a303a7b7d733a393a22002a006669656c6473223b613a303a7b7d733a393a22002a0076616c756573223b613a303a7b7d733a383a22002a006a6f696e73223b613a323a7b733a383a2269734a6f696e6564223b623a303b733a343a226a6f696e223b613a303a7b7d7d733a31303a22002a006f726465726279223b613a303a7b7d733a383a22002a006c696d6974223b4e3b733a31333a22002a00636f6e646974696f6e73223b613a303a7b7d733a32323a22002a00636f6e646974696f6e5f64656c696d69746572223b733a333a22414e44223b733a31323a22002a007573655f6361636865223b623a303b7d733a31313a22002a0072656e6465726572223b4f3a31333a224e69636b5c52656e6465726572223a313a7b733a31353a22002a007468656d655f666f6c646572223b733a31353a227468656d65732f64656661756c742f223b7d7d733a343a2274797065223b733a323a222d3e223b733a343a2261726773223b613a333a7b693a303b733a31363a22436c656172656420616c6c206c6f6773223b693a313b693a333b693a323b733a363a224c6f67676572223b7d7d693a313b613a373a7b733a343a2266696c65223b733a37373a22443a5c58616d70705c6874646f63735c6e69636b2d7468652d686561646c6573732d636d735c7765625c636f72655c636f6d706f6e656e74735c506167655c50616765735c4c6f67732e706870223b733a343a226c696e65223b693a35303b733a383a2266756e6374696f6e223b733a353a22636c656172223b733a353a22636c617373223b733a31313a224e69636b5c4c6f67676572223b733a363a226f626a656374223b723a373b733a343a2274797065223b733a323a222d3e223b733a343a2261726773223b613a303a7b7d7d693a323b613a373a7b733a343a2266696c65223b733a37333a22443a5c58616d70705c6874646f63735c6e69636b2d7468652d686561646c6573732d636d735c7765625c636f72655c636f6d706f6e656e74735c43616368655c43616368652e706870223b733a343a226c696e65223b693a35323b733a383a2266756e6374696f6e223b733a363a2272656e646572223b733a353a22636c617373223b733a32303a224e69636b5c506167655c50616765735c4c6f6773223b733a363a226f626a656374223b4f3a32303a224e69636b5c506167655c50616765735c4c6f6773223a333a7b733a31303a22002a0063616368696e67223b613a333a7b733a333a226b6579223b733a393a22706167652e6c6f6773223b733a373a22636f6e74657874223b733a343a2270616765223b733a373a226d61782d616765223b693a303b7d733a31333a22002a00706172616d6574657273223b613a333a7b733a323a226964223b733a343a226c6f6773223b733a353a227469746c65223b733a343a224c6f6773223b733a373a2273756d6d617279223b733a31373a2253686f777320726563656e74206c6f6773223b7d733a31343a22002a007065726d697373696f6e73223b613a303a7b7d7d733a343a2274797065223b733a323a222d3e223b733a343a2261726773223b613a323a7b693a303b613a323a7b693a303b733a343a226c6f6773223b693a313b733a353a22636c656172223b7d693a313b4f3a31363a224e69636b5c526f7574655c526f757465223a373a7b733a383a22002a00726f757465223b733a31303a226c6f67732e636c656172223b733a31333a22002a00636f6e74726f6c6c6572223b733a32313a225c4e69636b5c506167655c50616765735c4c6f6773223b733a363a22002a0075726c223b733a31313a222f6c6f67732f636c656172223b733a373a22002a0072657374223b623a303b733a31333a22002a00706172616d6574657273223b613a303a7b7d733a393a22002a0076616c756573223b613a303a7b7d733a31303a22002a0072657175657374223b4f3a34303a2253796d666f6e795c436f6d706f6e656e745c48747470466f756e646174696f6e5c52657175657374223a32353a7b733a31303a2261747472696275746573223b4f3a34353a2253796d666f6e795c436f6d706f6e656e745c48747470466f756e646174696f6e5c506172616d65746572426167223a313a7b733a31333a22002a00706172616d6574657273223b613a303a7b7d7d733a373a2272657175657374223b4f3a34353a2253796d666f6e795c436f6d706f6e656e745c48747470466f756e646174696f6e5c506172616d65746572426167223a313a7b733a31333a22002a00706172616d6574657273223b613a303a7b7d7d733a353a227175657279223b4f3a34313a2253796d666f6e795c436f6d706f6e656e745c48747470466f756e646174696f6e5c496e707574426167223a313a7b733a31333a22002a00706172616d6574657273223b613a303a7b7d7d733a363a22736572766572223b4f3a34323a2253796d666f6e795c436f6d706f6e656e745c48747470466f756e646174696f6e5c536572766572426167223a313a7b733a31333a22002a00706172616d6574657273223b613a35343a7b733a31363a2252454449524543545f4d494244495253223b733a32343a22443a2f58616d70702f7068702f6578747261732f6d696273223b733a31393a2252454449524543545f4d5953514c5f484f4d45223b733a31363a225c78616d70705c6d7973716c5c62696e223b733a32313a2252454449524543545f4f50454e53534c5f434f4e46223b733a33313a22443a2f58616d70702f6170616368652f62696e2f6f70656e73736c2e636e66223b733a32393a2252454449524543545f5048505f504541525f535953434f4e465f444952223b733a31303a225c78616d70705c706870223b733a31343a2252454449524543545f5048505243223b733a31303a225c78616d70705c706870223b733a31323a2252454449524543545f544d50223b733a31303a225c78616d70705c746d70223b733a31353a2252454449524543545f535441545553223b733a333a22323030223b733a373a224d494244495253223b733a32343a22443a2f58616d70702f7068702f6578747261732f6d696273223b733a31303a224d5953514c5f484f4d45223b733a31363a225c78616d70705c6d7973716c5c62696e223b733a31323a224f50454e53534c5f434f4e46223b733a33313a22443a2f58616d70702f6170616368652f62696e2f6f70656e73736c2e636e66223b733a32303a225048505f504541525f535953434f4e465f444952223b733a31303a225c78616d70705c706870223b733a353a225048505243223b733a31303a225c78616d70705c706870223b733a333a22544d50223b733a31303a225c78616d70705c746d70223b733a393a22485454505f484f5354223b733a393a226c6f63616c686f7374223b733a31353a22485454505f434f4e4e454354494f4e223b733a31303a226b6565702d616c697665223b733a33303a22485454505f555047524144455f494e5345435552455f5245515545535453223b733a313a2231223b733a31353a22485454505f555345525f4147454e54223b733a3133333a224d6f7a696c6c612f352e30202857696e646f7773204e542031302e303b2057696e36343b2078363429204170706c655765624b69742f3533372e333620284b48544d4c2c206c696b65204765636b6f29204368726f6d652f38352e302e343138332e313231205361666172692f3533372e3336204f50522f37312e302e333737302e343431223b733a31313a22485454505f414343455054223b733a3133353a22746578742f68746d6c2c6170706c69636174696f6e2f7868746d6c2b786d6c2c6170706c69636174696f6e2f786d6c3b713d302e392c696d6167652f617669662c696d6167652f776562702c696d6167652f61706e672c2a2f2a3b713d302e382c6170706c69636174696f6e2f7369676e65642d65786368616e67653b763d62333b713d302e39223b733a31393a22485454505f5345435f46455443485f53495445223b733a31313a2273616d652d6f726967696e223b733a31393a22485454505f5345435f46455443485f4d4f4445223b733a383a226e61766967617465223b733a31393a22485454505f5345435f46455443485f55534552223b733a323a223f31223b733a31393a22485454505f5345435f46455443485f44455354223b733a383a22646f63756d656e74223b733a31323a22485454505f52454645524552223b733a34373a22687474703a2f2f6c6f63616c686f73742f6e69636b2d7468652d686561646c6573732d636d732f7765622f6c6f6773223b733a32303a22485454505f4143434550545f454e434f44494e47223b733a31373a22677a69702c206465666c6174652c206272223b733a32303a22485454505f4143434550545f4c414e4755414745223b733a31343a22656e2d55532c656e3b713d302e39223b733a31313a22485454505f434f4f4b4945223b733a33363a225048505345535349443d3334736e746f383131756b75763171306b32367471646973646d223b733a343a2250415448223b733a3931313a22433a5c50726f6772616d2046696c65732028783836295c436f6d6d6f6e2046696c65735c4f7261636c655c4a6176615c6a617661706174683b433a5c57696e646f77735c73797374656d33323b433a5c57696e646f77733b433a5c57696e646f77735c53797374656d33325c5762656d3b433a5c57696e646f77735c53797374656d33325c57696e646f7773506f7765725368656c6c5c76312e305c3b433a5c57696e646f77735c53797374656d33325c4f70656e5353485c3b433a5c50726f6772616d2046696c65732028783836295c4e564944494120436f72706f726174696f6e5c50687973585c436f6d6d6f6e3b433a5c476f5c62696e3b443a5c58616d70705c7068703b433a5c50726f6772616d446174615c436f6d706f73657253657475705c62696e3b433a5c50726f6772616d2046696c65735c4769745c636d643b433a5c50726f6772616d2046696c65732028783836295c4c75615c352e313b433a5c50726f6772616d2046696c65732028783836295c4c75615c352e315c636c6962733b433a5c57494e444f57535c73797374656d33323b433a5c57494e444f57533b433a5c57494e444f57535c53797374656d33325c5762656d3b433a5c57494e444f57535c53797374656d33325c57696e646f7773506f7765725368656c6c5c76312e305c3b433a5c57494e444f57535c53797374656d33325c4f70656e5353485c3b433a5c50726f6772616d2046696c65735c446f636b65725c446f636b65725c7265736f75726365735c62696e3b433a5c50726f6772616d446174615c446f636b65724465736b746f705c76657273696f6e2d62696e3b433a5c55736572735c72616e64615c417070446174615c4c6f63616c5c4d6963726f736f66745c57696e646f7773417070733b433a5c55736572735c72616e64615c676f5c62696e3b433a5c50726f6772616d2046696c65735c4a6574427261696e735c50687053746f726d20323031392e332e345c62696e3b433a5c55736572735c72616e64615c417070446174615c526f616d696e675c436f6d706f7365725c76656e646f725c62696e3b433a5c50726f6772616d2046696c65735c4c616e646f5c62696e3b433a5c55736572735c72616e64615c417070446174615c4c6f63616c5c50726f6772616d735c507974686f6e5c507974686f6e33393b433a5c55736572735c72616e64615c417070446174615c4c6f63616c5c50726f6772616d735c507974686f6e5c53637269707473223b733a31303a2253797374656d526f6f74223b733a31303a22433a5c57494e444f5753223b733a373a22434f4d53504543223b733a32373a22433a5c57494e444f57535c73797374656d33325c636d642e657865223b733a373a2250415448455854223b733a36353a222e434f4d3b2e4558453b2e4241543b2e434d443b2e5642533b2e5642453b2e4a533b2e4a53453b2e5753463b2e5753483b2e4d53433b2e776c75613b2e6c657865223b733a363a2257494e444952223b733a31303a22433a5c57494e444f5753223b733a31363a225345525645525f5349474e4154555245223b733a39343a223c616464726573733e4170616368652f322e342e3431202857696e363429204f70656e53534c2f312e312e3163205048502f372e342e3420536572766572206174206c6f63616c686f737420506f72742038303c2f616464726573733e0a223b733a31353a225345525645525f534f465457415245223b733a34363a224170616368652f322e342e3431202857696e363429204f70656e53534c2f312e312e3163205048502f372e342e34223b733a31313a225345525645525f4e414d45223b733a393a226c6f63616c686f7374223b733a31313a225345525645525f41444452223b733a333a223a3a31223b733a31313a225345525645525f504f5254223b733a323a223830223b733a31313a2252454d4f54455f41444452223b733a333a223a3a31223b733a31333a22444f43554d454e545f524f4f54223b733a31353a22443a2f58616d70702f6874646f6373223b733a31343a22524551554553545f534348454d45223b733a343a2268747470223b733a31343a22434f4e544558545f505245464958223b733a303a22223b733a32313a22434f4e544558545f444f43554d454e545f524f4f54223b733a31353a22443a2f58616d70702f6874646f6373223b733a31323a225345525645525f41444d494e223b733a32303a22706f73746d6173746572406c6f63616c686f7374223b733a31353a225343524950545f46494c454e414d45223b733a35313a22443a2f58616d70702f6874646f63732f6e69636b2d7468652d686561646c6573732d636d732f7765622f696e6465782e706870223b733a31313a2252454d4f54455f504f5254223b733a353a223534393437223b733a31323a2252454449524543545f55524c223b733a33373a222f6e69636b2d7468652d686561646c6573732d636d732f7765622f6c6f67732f636c656172223b733a31373a22474154455741595f494e54455246414345223b733a373a224347492f312e31223b733a31353a225345525645525f50524f544f434f4c223b733a383a22485454502f312e31223b733a31343a22524551554553545f4d4554484f44223b733a333a22474554223b733a31323a2251554552595f535452494e47223b733a303a22223b733a31313a22524551554553545f555249223b733a33373a222f6e69636b2d7468652d686561646c6573732d636d732f7765622f6c6f67732f636c656172223b733a31313a225343524950545f4e414d45223b733a33363a222f6e69636b2d7468652d686561646c6573732d636d732f7765622f696e6465782e706870223b733a383a225048505f53454c46223b733a33363a222f6e69636b2d7468652d686561646c6573732d636d732f7765622f696e6465782e706870223b733a31383a22524551554553545f54494d455f464c4f4154223b643a313630373236393836372e34353b733a31323a22524551554553545f54494d45223b693a313630373236393836373b7d7d733a353a2266696c6573223b4f3a34303a2253796d666f6e795c436f6d706f6e656e745c48747470466f756e646174696f6e5c46696c65426167223a313a7b733a31333a22002a00706172616d6574657273223b613a303a7b7d7d733a373a22636f6f6b696573223b4f3a34313a2253796d666f6e795c436f6d706f6e656e745c48747470466f756e646174696f6e5c496e707574426167223a313a7b733a31333a22002a00706172616d6574657273223b613a313a7b733a393a22504850534553534944223b733a32363a223334736e746f383131756b75763171306b32367471646973646d223b7d7d733a373a2268656164657273223b4f3a34323a2253796d666f6e795c436f6d706f6e656e745c48747470466f756e646174696f6e5c486561646572426167223a323a7b733a31303a22002a0068656164657273223b613a31333a7b733a343a22686f7374223b613a313a7b693a303b733a393a226c6f63616c686f7374223b7d733a31303a22636f6e6e656374696f6e223b613a313a7b693a303b733a31303a226b6565702d616c697665223b7d733a32353a22757067726164652d696e7365637572652d7265717565737473223b613a313a7b693a303b733a313a2231223b7d733a31303a22757365722d6167656e74223b613a313a7b693a303b733a3133333a224d6f7a696c6c612f352e30202857696e646f7773204e542031302e303b2057696e36343b2078363429204170706c655765624b69742f3533372e333620284b48544d4c2c206c696b65204765636b6f29204368726f6d652f38352e302e343138332e313231205361666172692f3533372e3336204f50522f37312e302e333737302e343431223b7d733a363a22616363657074223b613a313a7b693a303b733a3133353a22746578742f68746d6c2c6170706c69636174696f6e2f7868746d6c2b786d6c2c6170706c69636174696f6e2f786d6c3b713d302e392c696d6167652f617669662c696d6167652f776562702c696d6167652f61706e672c2a2f2a3b713d302e382c6170706c69636174696f6e2f7369676e65642d65786368616e67653b763d62333b713d302e39223b7d733a31343a227365632d66657463682d73697465223b613a313a7b693a303b733a31313a2273616d652d6f726967696e223b7d733a31343a227365632d66657463682d6d6f6465223b613a313a7b693a303b733a383a226e61766967617465223b7d733a31343a227365632d66657463682d75736572223b613a313a7b693a303b733a323a223f31223b7d733a31343a227365632d66657463682d64657374223b613a313a7b693a303b733a383a22646f63756d656e74223b7d733a373a2272656665726572223b613a313a7b693a303b733a34373a22687474703a2f2f6c6f63616c686f73742f6e69636b2d7468652d686561646c6573732d636d732f7765622f6c6f6773223b7d733a31353a226163636570742d656e636f64696e67223b613a313a7b693a303b733a31373a22677a69702c206465666c6174652c206272223b7d733a31353a226163636570742d6c616e6775616765223b613a313a7b693a303b733a31343a22656e2d55532c656e3b713d302e39223b7d733a363a22636f6f6b6965223b613a313a7b693a303b733a33363a225048505345535349443d3334736e746f383131756b75763171306b32367471646973646d223b7d7d733a31353a22002a006361636865436f6e74726f6c223b613a303a7b7d7d733a31303a22002a00636f6e74656e74223b4e3b733a31323a22002a006c616e677561676573223b4e3b733a31313a22002a006368617273657473223b4e3b733a31323a22002a00656e636f64696e6773223b4e3b733a32353a22002a0061636365707461626c65436f6e74656e745479706573223b4e3b733a31313a22002a0070617468496e666f223b4e3b733a31333a22002a0072657175657374557269223b4e3b733a31303a22002a006261736555726c223b4e3b733a31313a22002a006261736550617468223b4e3b733a393a22002a006d6574686f64223b4e3b733a393a22002a00666f726d6174223b4e3b733a31303a22002a0073657373696f6e223b4e3b733a393a22002a006c6f63616c65223b4e3b733a31363a22002a0064656661756c744c6f63616c65223b733a323a22656e223b733a35373a220053796d666f6e795c436f6d706f6e656e745c48747470466f756e646174696f6e5c5265717565737400707265666572726564466f726d6174223b4e3b733a35333a220053796d666f6e795c436f6d706f6e656e745c48747470466f756e646174696f6e5c52657175657374006973486f737456616c6964223b623a313b733a35383a220053796d666f6e795c436f6d706f6e656e745c48747470466f756e646174696f6e5c52657175657374006973466f7277617264656456616c6964223b623a313b733a36343a220053796d666f6e795c436f6d706f6e656e745c48747470466f756e646174696f6e5c5265717565737400697353616665436f6e74656e74507265666572726564223b4e3b7d7d7d7d693a333b613a373a7b733a343a2266696c65223b733a37333a22443a5c58616d70705c6874646f63735c6e69636b2d7468652d686561646c6573732d636d735c7765625c636f72655c636f6d706f6e656e74735c526f7574655c526f7574652e706870223b733a343a226c696e65223b693a3131343b733a383a2266756e6374696f6e223b733a31343a22676574436f6e74656e7444617461223b733a353a22636c617373223b733a31363a224e69636b5c43616368655c4361636865223b733a363a226f626a656374223b4f3a31363a224e69636b5c43616368655c4361636865223a323a7b733a31363a22002a00636163686561626c6544617461223b613a363a7b733a31323a224e49434b5f56455253494f4e223b733a313a2231223b733a32303a224e49434b5f56455253494f4e5f52454c45415345223b733a313a2230223b733a32363a224e49434b5f56455253494f4e5f52454c454153455f4d494e4f52223b733a313a2230223b733a31393a224e49434b5f56455253494f4e5f535441545553223b733a353a22616c706861223b733a31303a22636f6e6e656374696f6e223b723a31303b733a32303a2264617461626173652e64656661756c742e414e44223b723a383b7d733a31333a22002a0063616368655374617473223b613a363a7b733a32303a2264617461626173652e64656661756c742e414e44223b613a323a7b733a373a2263726561746564223b693a313b733a363a2263616c6c6564223b693a3435383b7d733a31303a22636f6e6e656374696f6e223b613a323a7b733a373a2263726561746564223b693a313b733a363a2263616c6c6564223b693a3436363b7d733a31323a224e49434b5f56455253494f4e223b613a323a7b733a373a2263726561746564223b693a303b733a363a2263616c6c6564223b693a343b7d733a32303a224e49434b5f56455253494f4e5f52454c45415345223b613a323a7b733a373a2263726561746564223b693a303b733a363a2263616c6c6564223b693a343b7d733a32363a224e49434b5f56455253494f4e5f52454c454153455f4d494e4f52223b613a323a7b733a373a2263726561746564223b693a303b733a363a2263616c6c6564223b693a343b7d733a31393a224e49434b5f56455253494f4e5f535441545553223b613a323a7b733a373a2263726561746564223b693a303b733a363a2263616c6c6564223b693a343b7d7d7d733a343a2274797065223b733a323a222d3e223b733a343a2261726773223b613a343a7b693a303b613a333a7b733a333a226b6579223b733a393a22706167652e6c6f6773223b733a373a22636f6e74657874223b733a343a2270616765223b733a373a226d61782d616765223b693a303b7d693a313b733a32313a225c4e69636b5c506167655c50616765735c4c6f6773223b693a323b733a363a2272656e646572223b693a333b613a323a7b693a303b523a37373b693a313b723a38303b7d7d7d693a343b613a373a7b733a343a2266696c65223b733a35353a22443a5c58616d70705c6874646f63735c6e69636b2d7468652d686561646c6573732d636d735c7765625c636f72655c4e69636b2e706870223b733a343a226c696e65223b693a3336383b733a383a2266756e6374696f6e223b733a363a2272656e646572223b733a353a22636c617373223b733a31363a224e69636b5c526f7574655c526f757465223b733a363a226f626a656374223b723a38303b733a343a2274797065223b733a323a222d3e223b733a343a2261726773223b613a303a7b7d7d693a353b613a363a7b733a343a2266696c65223b733a35313a22443a5c58616d70705c6874646f63735c6e69636b2d7468652d686561646c6573732d636d735c7765625c696e6465782e706870223b733a343a226c696e65223b693a32333b733a383a2266756e6374696f6e223b733a393a22426f6f747374726170223b733a353a22636c617373223b733a343a224e69636b223b733a343a2274797065223b733a323a223a3a223b733a343a2261726773223b613a313a7b693a303b4f3a34303a2253796d666f6e795c436f6d706f6e656e745c48747470466f756e646174696f6e5c52657175657374223a32353a7b733a31303a2261747472696275746573223b4f3a34353a2253796d666f6e795c436f6d706f6e656e745c48747470466f756e646174696f6e5c506172616d65746572426167223a313a7b733a31333a22002a00706172616d6574657273223b613a303a7b7d7d733a373a2272657175657374223b4f3a34353a2253796d666f6e795c436f6d706f6e656e745c48747470466f756e646174696f6e5c506172616d65746572426167223a313a7b733a31333a22002a00706172616d6574657273223b613a303a7b7d7d733a353a227175657279223b4f3a34313a2253796d666f6e795c436f6d706f6e656e745c48747470466f756e646174696f6e5c496e707574426167223a313a7b733a31333a22002a00706172616d6574657273223b613a303a7b7d7d733a363a22736572766572223b4f3a34323a2253796d666f6e795c436f6d706f6e656e745c48747470466f756e646174696f6e5c536572766572426167223a313a7b733a31333a22002a00706172616d6574657273223b613a35343a7b733a31363a2252454449524543545f4d494244495253223b733a32343a22443a2f58616d70702f7068702f6578747261732f6d696273223b733a31393a2252454449524543545f4d5953514c5f484f4d45223b733a31363a225c78616d70705c6d7973716c5c62696e223b733a32313a2252454449524543545f4f50454e53534c5f434f4e46223b733a33313a22443a2f58616d70702f6170616368652f62696e2f6f70656e73736c2e636e66223b733a32393a2252454449524543545f5048505f504541525f535953434f4e465f444952223b733a31303a225c78616d70705c706870223b733a31343a2252454449524543545f5048505243223b733a31303a225c78616d70705c706870223b733a31323a2252454449524543545f544d50223b733a31303a225c78616d70705c746d70223b733a31353a2252454449524543545f535441545553223b733a333a22323030223b733a373a224d494244495253223b733a32343a22443a2f58616d70702f7068702f6578747261732f6d696273223b733a31303a224d5953514c5f484f4d45223b733a31363a225c78616d70705c6d7973716c5c62696e223b733a31323a224f50454e53534c5f434f4e46223b733a33313a22443a2f58616d70702f6170616368652f62696e2f6f70656e73736c2e636e66223b733a32303a225048505f504541525f535953434f4e465f444952223b733a31303a225c78616d70705c706870223b733a353a225048505243223b733a31303a225c78616d70705c706870223b733a333a22544d50223b733a31303a225c78616d70705c746d70223b733a393a22485454505f484f5354223b733a393a226c6f63616c686f7374223b733a31353a22485454505f434f4e4e454354494f4e223b733a31303a226b6565702d616c697665223b733a33303a22485454505f555047524144455f494e5345435552455f5245515545535453223b733a313a2231223b733a31353a22485454505f555345525f4147454e54223b733a3133333a224d6f7a696c6c612f352e30202857696e646f7773204e542031302e303b2057696e36343b2078363429204170706c655765624b69742f3533372e333620284b48544d4c2c206c696b65204765636b6f29204368726f6d652f38352e302e343138332e313231205361666172692f3533372e3336204f50522f37312e302e333737302e343431223b733a31313a22485454505f414343455054223b733a3133353a22746578742f68746d6c2c6170706c69636174696f6e2f7868746d6c2b786d6c2c6170706c69636174696f6e2f786d6c3b713d302e392c696d6167652f617669662c696d6167652f776562702c696d6167652f61706e672c2a2f2a3b713d302e382c6170706c69636174696f6e2f7369676e65642d65786368616e67653b763d62333b713d302e39223b733a31393a22485454505f5345435f46455443485f53495445223b733a31313a2273616d652d6f726967696e223b733a31393a22485454505f5345435f46455443485f4d4f4445223b733a383a226e61766967617465223b733a31393a22485454505f5345435f46455443485f55534552223b733a323a223f31223b733a31393a22485454505f5345435f46455443485f44455354223b733a383a22646f63756d656e74223b733a31323a22485454505f52454645524552223b733a34373a22687474703a2f2f6c6f63616c686f73742f6e69636b2d7468652d686561646c6573732d636d732f7765622f6c6f6773223b733a32303a22485454505f4143434550545f454e434f44494e47223b733a31373a22677a69702c206465666c6174652c206272223b733a32303a22485454505f4143434550545f4c414e4755414745223b733a31343a22656e2d55532c656e3b713d302e39223b733a31313a22485454505f434f4f4b4945223b733a33363a225048505345535349443d3334736e746f383131756b75763171306b32367471646973646d223b733a343a2250415448223b733a3931313a22433a5c50726f6772616d2046696c65732028783836295c436f6d6d6f6e2046696c65735c4f7261636c655c4a6176615c6a617661706174683b433a5c57696e646f77735c73797374656d33323b433a5c57696e646f77733b433a5c57696e646f77735c53797374656d33325c5762656d3b433a5c57696e646f77735c53797374656d33325c57696e646f7773506f7765725368656c6c5c76312e305c3b433a5c57696e646f77735c53797374656d33325c4f70656e5353485c3b433a5c50726f6772616d2046696c65732028783836295c4e564944494120436f72706f726174696f6e5c50687973585c436f6d6d6f6e3b433a5c476f5c62696e3b443a5c58616d70705c7068703b433a5c50726f6772616d446174615c436f6d706f73657253657475705c62696e3b433a5c50726f6772616d2046696c65735c4769745c636d643b433a5c50726f6772616d2046696c65732028783836295c4c75615c352e313b433a5c50726f6772616d2046696c65732028783836295c4c75615c352e315c636c6962733b433a5c57494e444f57535c73797374656d33323b433a5c57494e444f57533b433a5c57494e444f57535c53797374656d33325c5762656d3b433a5c57494e444f57535c53797374656d33325c57696e646f7773506f7765725368656c6c5c76312e305c3b433a5c57494e444f57535c53797374656d33325c4f70656e5353485c3b433a5c50726f6772616d2046696c65735c446f636b65725c446f636b65725c7265736f75726365735c62696e3b433a5c50726f6772616d446174615c446f636b65724465736b746f705c76657273696f6e2d62696e3b433a5c55736572735c72616e64615c417070446174615c4c6f63616c5c4d6963726f736f66745c57696e646f7773417070733b433a5c55736572735c72616e64615c676f5c62696e3b433a5c50726f6772616d2046696c65735c4a6574427261696e735c50687053746f726d20323031392e332e345c62696e3b433a5c55736572735c72616e64615c417070446174615c526f616d696e675c436f6d706f7365725c76656e646f725c62696e3b433a5c50726f6772616d2046696c65735c4c616e646f5c62696e3b433a5c55736572735c72616e64615c417070446174615c4c6f63616c5c50726f6772616d735c507974686f6e5c507974686f6e33393b433a5c55736572735c72616e64615c417070446174615c4c6f63616c5c50726f6772616d735c507974686f6e5c53637269707473223b733a31303a2253797374656d526f6f74223b733a31303a22433a5c57494e444f5753223b733a373a22434f4d53504543223b733a32373a22433a5c57494e444f57535c73797374656d33325c636d642e657865223b733a373a2250415448455854223b733a36353a222e434f4d3b2e4558453b2e4241543b2e434d443b2e5642533b2e5642453b2e4a533b2e4a53453b2e5753463b2e5753483b2e4d53433b2e776c75613b2e6c657865223b733a363a2257494e444952223b733a31303a22433a5c57494e444f5753223b733a31363a225345525645525f5349474e4154555245223b733a39343a223c616464726573733e4170616368652f322e342e3431202857696e363429204f70656e53534c2f312e312e3163205048502f372e342e3420536572766572206174206c6f63616c686f737420506f72742038303c2f616464726573733e0a223b733a31353a225345525645525f534f465457415245223b733a34363a224170616368652f322e342e3431202857696e363429204f70656e53534c2f312e312e3163205048502f372e342e34223b733a31313a225345525645525f4e414d45223b733a393a226c6f63616c686f7374223b733a31313a225345525645525f41444452223b733a333a223a3a31223b733a31313a225345525645525f504f5254223b733a323a223830223b733a31313a2252454d4f54455f41444452223b733a333a223a3a31223b733a31333a22444f43554d454e545f524f4f54223b733a31353a22443a2f58616d70702f6874646f6373223b733a31343a22524551554553545f534348454d45223b733a343a2268747470223b733a31343a22434f4e544558545f505245464958223b733a303a22223b733a32313a22434f4e544558545f444f43554d454e545f524f4f54223b733a31353a22443a2f58616d70702f6874646f6373223b733a31323a225345525645525f41444d494e223b733a32303a22706f73746d6173746572406c6f63616c686f7374223b733a31353a225343524950545f46494c454e414d45223b733a35313a22443a2f58616d70702f6874646f63732f6e69636b2d7468652d686561646c6573732d636d732f7765622f696e6465782e706870223b733a31313a2252454d4f54455f504f5254223b733a353a223534393437223b733a31323a2252454449524543545f55524c223b733a33373a222f6e69636b2d7468652d686561646c6573732d636d732f7765622f6c6f67732f636c656172223b733a31373a22474154455741595f494e54455246414345223b733a373a224347492f312e31223b733a31353a225345525645525f50524f544f434f4c223b733a383a22485454502f312e31223b733a31343a22524551554553545f4d4554484f44223b733a333a22474554223b733a31323a2251554552595f535452494e47223b733a303a22223b733a31313a22524551554553545f555249223b733a33373a222f6e69636b2d7468652d686561646c6573732d636d732f7765622f6c6f67732f636c656172223b733a31313a225343524950545f4e414d45223b733a33363a222f6e69636b2d7468652d686561646c6573732d636d732f7765622f696e6465782e706870223b733a383a225048505f53454c46223b733a33363a222f6e69636b2d7468652d686561646c6573732d636d732f7765622f696e6465782e706870223b733a31383a22524551554553545f54494d455f464c4f4154223b643a313630373236393836372e34353b733a31323a22524551554553545f54494d45223b693a313630373236393836373b7d7d733a353a2266696c6573223b4f3a34303a2253796d666f6e795c436f6d706f6e656e745c48747470466f756e646174696f6e5c46696c65426167223a313a7b733a31333a22002a00706172616d6574657273223b613a303a7b7d7d733a373a22636f6f6b696573223b4f3a34313a2253796d666f6e795c436f6d706f6e656e745c48747470466f756e646174696f6e5c496e707574426167223a313a7b733a31333a22002a00706172616d6574657273223b613a313a7b733a393a22504850534553534944223b733a32363a223334736e746f383131756b75763171306b32367471646973646d223b7d7d733a373a2268656164657273223b4f3a34323a2253796d666f6e795c436f6d706f6e656e745c48747470466f756e646174696f6e5c486561646572426167223a323a7b733a31303a22002a0068656164657273223b613a31333a7b733a343a22686f7374223b613a313a7b693a303b733a393a226c6f63616c686f7374223b7d733a31303a22636f6e6e656374696f6e223b613a313a7b693a303b733a31303a226b6565702d616c697665223b7d733a32353a22757067726164652d696e7365637572652d7265717565737473223b613a313a7b693a303b733a313a2231223b7d733a31303a22757365722d6167656e74223b613a313a7b693a303b733a3133333a224d6f7a696c6c612f352e30202857696e646f7773204e542031302e303b2057696e36343b2078363429204170706c655765624b69742f3533372e333620284b48544d4c2c206c696b65204765636b6f29204368726f6d652f38352e302e343138332e313231205361666172692f3533372e3336204f50522f37312e302e333737302e343431223b7d733a363a22616363657074223b613a313a7b693a303b733a3133353a22746578742f68746d6c2c6170706c69636174696f6e2f7868746d6c2b786d6c2c6170706c69636174696f6e2f786d6c3b713d302e392c696d6167652f617669662c696d6167652f776562702c696d6167652f61706e672c2a2f2a3b713d302e382c6170706c69636174696f6e2f7369676e65642d65786368616e67653b763d62333b713d302e39223b7d733a31343a227365632d66657463682d73697465223b613a313a7b693a303b733a31313a2273616d652d6f726967696e223b7d733a31343a227365632d66657463682d6d6f6465223b613a313a7b693a303b733a383a226e61766967617465223b7d733a31343a227365632d66657463682d75736572223b613a313a7b693a303b733a323a223f31223b7d733a31343a227365632d66657463682d64657374223b613a313a7b693a303b733a383a22646f63756d656e74223b7d733a373a2272656665726572223b613a313a7b693a303b733a34373a22687474703a2f2f6c6f63616c686f73742f6e69636b2d7468652d686561646c6573732d636d732f7765622f6c6f6773223b7d733a31353a226163636570742d656e636f64696e67223b613a313a7b693a303b733a31373a22677a69702c206465666c6174652c206272223b7d733a31353a226163636570742d6c616e6775616765223b613a313a7b693a303b733a31343a22656e2d55532c656e3b713d302e39223b7d733a363a22636f6f6b6965223b613a313a7b693a303b733a33363a225048505345535349443d3334736e746f383131756b75763171306b32367471646973646d223b7d7d733a31353a22002a006361636865436f6e74726f6c223b613a303a7b7d7d733a31303a22002a00636f6e74656e74223b4e3b733a31323a22002a006c616e677561676573223b4e3b733a31313a22002a006368617273657473223b4e3b733a31323a22002a00656e636f64696e6773223b4e3b733a32353a22002a0061636365707461626c65436f6e74656e745479706573223b4e3b733a31313a22002a0070617468496e666f223b733a31313a222f6c6f67732f636c656172223b733a31333a22002a0072657175657374557269223b733a33373a222f6e69636b2d7468652d686561646c6573732d636d732f7765622f6c6f67732f636c656172223b733a31303a22002a006261736555726c223b733a32363a222f6e69636b2d7468652d686561646c6573732d636d732f776562223b733a31313a22002a006261736550617468223b4e3b733a393a22002a006d6574686f64223b4e3b733a393a22002a00666f726d6174223b4e3b733a31303a22002a0073657373696f6e223b4e3b733a393a22002a006c6f63616c65223b4e3b733a31363a22002a0064656661756c744c6f63616c65223b733a323a22656e223b733a35373a220053796d666f6e795c436f6d706f6e656e745c48747470466f756e646174696f6e5c5265717565737400707265666572726564466f726d6174223b4e3b733a35333a220053796d666f6e795c436f6d706f6e656e745c48747470466f756e646174696f6e5c52657175657374006973486f737456616c6964223b623a313b733a35383a220053796d666f6e795c436f6d706f6e656e745c48747470466f756e646174696f6e5c52657175657374006973466f7277617264656456616c6964223b623a313b733a36343a220053796d666f6e795c436f6d706f6e656e745c48747470466f756e646174696f6e5c5265717565737400697353616665436f6e74656e74507265666572726564223b4e3b7d7d7d7d, 'Logger', 'Cleared all logs', 1),
(2, '2', '/nick-the-headless-cms/web/person/logout', 0, 0x733a3731393a22233020443a5c58616d70705c6874646f63735c6e69636b2d7468652d686561646c6573732d636d735c7765625c636f72655c636f6d706f6e656e74735c506572736f6e5c50616765735c4c6f676f75742e706870283533293a2053796d666f6e795c436f6d706f6e656e745c48747470466f756e646174696f6e5c5265646972656374526573706f6e73652d3e5f5f636f6e737472756374284f626a656374284e69636b5c526f7574655c526f75746529290a233120443a5c58616d70705c6874646f63735c6e69636b2d7468652d686561646c6573732d636d735c7765625c636f72655c636f6d706f6e656e74735c43616368655c43616368652e706870283532293a204e69636b5c506572736f6e5c50616765735c4c6f676f75742d3e72656e6465722841727261792c204f626a656374284e69636b5c526f7574655c526f75746529290a233220443a5c58616d70705c6874646f63735c6e69636b2d7468652d686561646c6573732d636d735c7765625c636f72655c636f6d706f6e656e74735c526f7574655c526f7574652e70687028313134293a204e69636b5c43616368655c43616368652d3e676574436f6e74656e74446174612841727261792c20275c5c4e69636b5c5c506572736f6e5c5c50612e2e2e272c202772656e646572272c204172726179290a233320443a5c58616d70705c6874646f63735c6e69636b2d7468652d686561646c6573732d636d735c7765625c636f72655c4e69636b2e70687028333737293a204e69636b5c526f7574655c526f7574652d3e72656e64657228290a233420443a5c58616d70705c6874646f63735c6e69636b2d7468652d686561646c6573732d636d735c7765625c696e6465782e706870283233293a204e69636b3a3a426f6f747374726170284f626a6563742853796d666f6e795c436f6d706f6e656e745c48747470466f756e646174696f6e5c5265717565737429290a2335207b6d61696e7d223b, 'Exception', 'Argument 1 passed to Symfony\\Component\\HttpFoundation\\RedirectResponse::__construct() must be of the type string, object given, called in D:\\Xampp\\htdocs\\nick-the-headless-cms\\web\\core\\components\\Person\\Pages\\Logout.php on line 53', 1);

-- --------------------------------------------------------

--
-- Table structure for table `pages`
--

CREATE TABLE `pages` (
  `id` varchar(255) NOT NULL,
  `controller` varchar(255) NOT NULL
) ENGINE=InnoDB DEFAULT CHARSET=utf8;

--
-- Dumping data for table `pages`
--

INSERT INTO `pages` (`id`, `controller`) VALUES
('article', '\\Nick\\Article\\Pages\\Article'),
('cache', '\\Nick\\Cache\\Pages\\Cache'),
('config', '\\Nick\\Config\\Pages\\Config'),
('dashboard', '\\Nick\\Page\\Pages\\Dashboard'),
('error', '\\Nick\\Page\\Pages\\Error'),
('extensions', '\\Nick\\ExtensionManager\\Pages\\Extensions'),
('footer', '\\Nick\\Page\\Pages\\Footer'),
('header', '\\Nick\\Page\\Pages\\Header'),
('login', '\\Nick\\Page\\Pages\\Login'),
('logs', '\\Nick\\Page\\Pages\\Logs'),
('menu', '\\Nick\\Menu\\Pages\\Menu'),
('search', '\\Nick\\Search\\Pages\\Search');

-- --------------------------------------------------------

--
-- Table structure for table `permissions`
--

CREATE TABLE `permissions` (
  `permission` varchar(255) NOT NULL,
  `usage` blob NOT NULL
) ENGINE=InnoDB DEFAULT CHARSET=utf8mb4;

--
-- Dumping data for table `permissions`
--

INSERT INTO `permissions` (`permission`, `usage`) VALUES
('administer site', 0x613a303a7b7d);

-- --------------------------------------------------------

--
-- Table structure for table `routes`
--

CREATE TABLE `routes` (
  `route` varchar(255) NOT NULL,
  `controller` varchar(255) NOT NULL,
  `parameters` blob NOT NULL,
  `url` varchar(255) NOT NULL
) ENGINE=InnoDB DEFAULT CHARSET=utf8mb4;

--
-- Dumping data for table `routes`
--

INSERT INTO `routes` (`route`, `controller`, `parameters`, `url`) VALUES
('article.overview', '\\Nick\\Article\\Pages\\Overview', 0x613a303a7b7d, '/articles'),
('cache.clear', '\\Nick\\Cache\\Pages\\Cache', 0x613a303a7b7d, '/cache/clear'),
('config.appearance', '\\Nick\\Config\\Pages\\Appearance', 0x613a303a7b7d, '/config/appearance'),
('config.export', '\\Nick\\Config\\Pages\\Export', 0x613a303a7b7d, '/config/export'),
('config.import', '\\Nick\\Config\\Pages\\Import', 0x613a303a7b7d, '/config/import'),
('config.site', '\\Nick\\Config\\Pages\\Site', 0x613a303a7b7d, '/config/site'),
('dashboard', '\\Nick\\Page\\Pages\\Dashboard', 0x613a303a7b7d, '/'),
('entity.add', '\\Nick\\Entity\\Pages\\Add', 0x613a313a7b733a343a2274797065223b693a313b7d, '/entity/{type}/add'),
('entity.delete', '\\Nick\\Entity\\Pages\\Delete', 0x613a323a7b733a343a2274797065223b693a313b733a323a226964223b693a323b7d, '/entity/{type}/{id}/delete'),
('entity.edit', '\\Nick\\Entity\\Pages\\Edit', 0x613a323a7b733a343a2274797065223b693a313b733a323a226964223b693a323b7d, '/entity/{type}/{id}/edit'),
('entity.overview', '\\Nick\\Entity\\Pages\\Overview', 0x613a313a7b733a343a2274797065223b693a313b7d, '/entity/{type}'),
('entity.update', '\\Nick\\Entity\\Pages\\Update', 0x613a303a7b7d, '/entity/update'),
('entity.view', '\\Nick\\Entity\\Pages\\View', 0x613a323a7b733a343a2274797065223b693a313b733a323a226964223b693a323b7d, '/entity/{type}/{id}'),
('error', '\\Nick\\Page\\Pages\\Error', 0x613a313a7b733a333a226b6579223b693a313b7d, '/error/{key}'),
('extension.install', '\\Nick\\ExtensionManager\\Pages\\Extensions', 0x613a313a7b733a333a22657874223b693a313b7d, '/extension/{ext}/install'),
('extension.overview', '\\Nick\\ExtensionManager\\Pages\\Extensions', 0x613a303a7b7d, '/extension'),
('extension.uninstall', '\\Nick\\ExtensionManager\\Pages\\Extensions', 0x613a313a7b733a333a22657874223b693a313b7d, '/extension/{ext}/uninstall'),
('extension.view', '\\Nick\\ExtensionManager\\Pages\\Extensions', 0x613a313a7b733a333a22657874223b693a313b7d, '/extension/{ext}'),
('form.submit', '\\Nick\\Form\\Pages\\Submit', 0x613a303a7b7d, '/form/submit'),
('login', '\\Nick\\Person\\Pages\\Login', 0x613a303a7b7d, '/person/login'),
('logout', '\\Nick\\Person\\Pages\\Logout', 0x613a303a7b7d, '/person/logout'),
('logs', '\\Nick\\Page\\Pages\\Logs', 0x613a303a7b7d, '/logs'),
('logs.clear', '\\Nick\\Page\\Pages\\Logs', 0x613a303a7b7d, '/logs/clear'),
('logs.view', '\\Nick\\Page\\Pages\\Log', 0x613a313a7b733a323a226964223b693a333b7d, '/logs/view/{id}'),
('menu.edit', '\\Nick\\Menu\\Pages\\Edit', 0x613a313a7b733a323a226964223b693a313b7d, '/menu/{id}/edit'),
('rest.retrieve', '\\Nick\\Rest\\Pages\\Retrieve', 0x613a303a7b7d, '/rest/retrieve'),
('rest.transmit', '\\Nick\\Rest\\Pages\\Transmit', 0x613a303a7b7d, '/rest/transmit'),
('search', '\\Nick\\Search\\Pages\\Search', 0x613a303a7b7d, '/search');

-- --------------------------------------------------------

--
-- Table structure for table `translations`
--

CREATE TABLE `translations` (
  `id` int(255) NOT NULL,
  `string` text NOT NULL,
  `translation` text NOT NULL,
  `from_langcode` varchar(10) NOT NULL,
  `to_langcode` varchar(10) NOT NULL
) ENGINE=InnoDB DEFAULT CHARSET=utf8;

--
-- Dumping data for table `translations`
--

INSERT INTO `translations` (`id`, `string`, `translation`, `from_langcode`, `to_langcode`) VALUES
(1, 'Published', 'Gepubliceerd', 'en', 'nl'),
(2, 'Extensions', 'Extensies', 'en', 'nl'),
(3, 'Welcome to your Nick Dashboard!', 'Welkom op je Nick Dashboard!', 'en', 'nl'),
(4, 'Home', 'Thuis', 'en', 'nl'),
(5, 'Error', 'Error', 'en', 'nl'),
(6, 'There was an error trying to reach a certain page.', 'Er is een fout opgetreden bij het bereiken van een pagina.', 'en', 'nl'),
(8, 'uninstall', 'denstalleren', 'en', 'nl'),
(9, 'Are you sure you wish to :action :extension?', 'Ben je zeker dat je :extension wilt :action?', 'en', 'nl'),
(10, 'I\'m sure!', 'Ik ben \'t zeker!', 'en', 'nl'),
(11, 'No, take me back!', 'Nee, ga terug!', 'en', 'nl'),
(12, 'install', 'installeren', 'en', 'nl'),
(13, 'This extension is required and cannot be uninstalled.', 'Deze extensie is vereist en kan niet worden gedenstalleerd.', 'en', 'nl'),
(14, 'Dashboard', 'Dashboard', 'en', 'nl'),
(15, 'Site settings', 'Site settings', 'en', 'nl'),
(16, 'Configuration options', 'Configuration options', 'en', 'nl'),
(17, 'Website name', 'Website name', 'en', 'nl'),
(18, 'Default langcode', 'Default langcode', 'en', 'nl'),
(19, 'Log 404 errors', 'Log 404 errors', 'en', 'nl'),
(20, 'Save settings', 'Save settings', 'en', 'nl'),
(21, 'Logs', 'Logs', 'en', 'nl'),
(22, 'Shows recent logs', 'Shows recent logs', 'en', 'nl'),
(23, 'Article overview', 'Article overview', 'en', 'nl'),
(24, 'List of existing articles.', 'List of existing articles.', 'en', 'nl'),
(25, 'Edit', 'Edit', 'en', 'nl'),
(26, 'Delete', 'Delete', 'en', 'nl'),
(27, 'Articles overview', 'Articles overview', 'en', 'nl'),
(28, 'Add article', 'Add article', 'en', 'nl'),
(29, 'Entity', 'Entity', 'en', 'nl'),
(30, 'The view page of an entity.', 'The view page of an entity.', 'en', 'nl'),
(31, 'Entity edit', 'Entity edit', 'en', 'nl'),
(32, 'Edit page for an entity', 'Edit page for an entity', 'en', 'nl'),
(33, 'Edit :title', 'Edit :title', 'en', 'nl'),
(34, 'Entity Delete', 'Entity Delete', 'en', 'nl'),
(35, 'Delete page for an entity', 'Delete page for an entity', 'en', 'nl'),
(36, 'Delete :title', 'Delete :title', 'en', 'nl'),
(37, 'Appearance settings', 'Appearance settings', 'en', 'nl'),
(38, 'Entity overview', 'Entity overview', 'en', 'nl'),
(39, 'List of existing entitys.', 'List of existing entitys.', 'en', 'nl'),
(40, 'Entities overview', 'Entities overview', 'en', 'nl'),
(41, 'Entity update', 'Entity update', 'en', 'nl'),
(42, 'Update entities.', 'Update entities.', 'en', 'nl'),
(43, 'Add entity', 'Add entity', 'en', 'nl'),
(44, 'Add page for an entity', 'Add page for an entity', 'en', 'nl'),
(45, 'Login', 'Login', 'en', 'nl'),
(46, 'Login to :sitename.', 'Login to :sitename.', 'en', 'nl'),
(47, 'Login failed.', 'Login failed.', 'en', 'nl');

--
-- Indexes for dumped tables
--

--
-- Indexes for table `cache_content`
--
ALTER TABLE `cache_content`
  ADD UNIQUE KEY `field` (`field`);

--
-- Indexes for table `config`
--
ALTER TABLE `config`
  ADD UNIQUE KEY `key` (`field`);

--
-- Indexes for table `entity`
--
ALTER TABLE `entity`
  ADD PRIMARY KEY (`id`);

--
-- Indexes for table `entity_storage`
--
ALTER TABLE `entity_storage`
  ADD PRIMARY KEY (`type`);

--
-- Indexes for table `entity__article`
--
ALTER TABLE `entity__article`
  ADD UNIQUE KEY `id` (`id`);

--
-- Indexes for table `entity__client`
--
ALTER TABLE `entity__client`
  ADD UNIQUE KEY `id` (`id`),
  ADD UNIQUE KEY `title` (`title`);

--
-- Indexes for table `entity__conversation`
--
ALTER TABLE `entity__conversation`
  ADD UNIQUE KEY `id` (`id`);

--
-- Indexes for table `entity__file`
--
ALTER TABLE `entity__file`
  ADD UNIQUE KEY `id` (`id`);

--
-- Indexes for table `entity__menu`
--
ALTER TABLE `entity__menu`
  ADD UNIQUE KEY `id` (`id`);

--
-- Indexes for table `entity__message`
--
ALTER TABLE `entity__message`
  ADD UNIQUE KEY `id` (`id`);

--
-- Indexes for table `entity__person`
--
ALTER TABLE `entity__person`
  ADD UNIQUE KEY `id` (`id`),
  ADD UNIQUE KEY `name` (`name`);

--
-- Indexes for table `extensions`
--
ALTER TABLE `extensions`
  ADD UNIQUE KEY `name` (`name`);

--
-- Indexes for table `languages`
--
ALTER TABLE `languages`
  ADD PRIMARY KEY (`id`);

--
-- Indexes for table `logs`
--
ALTER TABLE `logs`
  ADD PRIMARY KEY (`id`);

--
-- Indexes for table `pages`
--
ALTER TABLE `pages`
  ADD UNIQUE KEY `id` (`id`);

--
-- Indexes for table `permissions`
--
ALTER TABLE `permissions`
  ADD UNIQUE KEY `permission` (`permission`);

--
-- Indexes for table `routes`
--
ALTER TABLE `routes`
  ADD UNIQUE KEY `route` (`route`);

--
-- Indexes for table `translations`
--
ALTER TABLE `translations`
  ADD PRIMARY KEY (`id`);

--
-- AUTO_INCREMENT for dumped tables
--

--
-- AUTO_INCREMENT for table `entity`
--
ALTER TABLE `entity`
  MODIFY `id` int(255) NOT NULL AUTO_INCREMENT, AUTO_INCREMENT=31;

--
-- AUTO_INCREMENT for table `languages`
--
ALTER TABLE `languages`
  MODIFY `id` int(255) NOT NULL AUTO_INCREMENT, AUTO_INCREMENT=3;

--
-- AUTO_INCREMENT for table `logs`
--
ALTER TABLE `logs`
  MODIFY `id` int(255) NOT NULL AUTO_INCREMENT, AUTO_INCREMENT=3;

--
-- AUTO_INCREMENT for table `translations`
--
ALTER TABLE `translations`
  MODIFY `id` int(255) NOT NULL AUTO_INCREMENT, AUTO_INCREMENT=48;
COMMIT;
